RE-759,ManagedDrone
RE-510,NVector
RE-741,command
RE-8,FlightZoneManager2
RE-8,UAVModeChangeMessage
RE-8,ManagedDrone
RE-77,SetGimbalRotationCommand
RE-759,FlightManagerServiceRemoteFacade
RE-555,VirtualDrone
RE-120,FRTableDisplay
RE-668,FRInfoPanel
RE-77,CommandIds
RE-668,FRMetaInfo
RE-646,AFMapComponent
RE-77,FileManager
RE-77,IDroneCommand
RE-681,NavigationBar
RE-77,SetVelocityCommand
RE-555,FlightPlan
RE-681,MyUI
RE-574,PhysicalDroneFleetFactory
RE-555,ManagedHashTableList
RE-759,PatternTask
RE-86,IDroneSetupRemoteService
RE-691,IFlightManagerRemoteService
RE-593,DroneVoltageSimulator
RE-593,NVECSimulator
RE-505,AbstractFileTransmitServiceInstance
RE-702,IDroneMonitoringRemoteService
RE-741,control
RE-545,MissionController
RE-555,IFlightManagerRemoteService
RE-630,FlightManagerService
RE-628,FlightRouteplanningService
RE-160,VirtualDroneFleetFactory
RE-77,SetGimbalTargetCommand
RE-630,DroneSetupService
RE-593,NvecInterpolator
RE-160,PhysicalDroneFleetFactory
RE-555,IDroneSetupRemoteService
RE-77,LandingStrategy
RE-120,FRMainLayout
RE-709,ConnectionRequestMessage
RE-630,IDroneSetupServiceInstance
RE-693,AFMainLayout
RE-689,MyUI
RE-28,PlanPoolManager
RE-77,IStartstrategy
RE-714,UAVHandshakeMessage
RE-672,FRMapComponent
RE-637,FlightManagerService
RE-77,IFlightManagerServiceInstance
RE-25,VirtualDroneFleetFactory
RE-8,UAVMessageFactory
RE-555,LandingStrategy
RE-691,IFlightDirector
RE-630,DronologyActionExecutor
RE-616,LoggerAppenderAdapter
RE-677,DroneSetupService
RE-668,MyUI
RE-649,PlanPoolManager
RE-103,FlightZoneManager2
RE-646,FRMainLayout
RE-555,DroneInitializationInfo
RE-77,IDroneCommandHandler
RE-501,DroneSimulatorServiceInstance
RE-616,GroundstationConnector
RE-505,FlightRouteplanningServiceInstance
RE-693,AFEmergencyComponent
RE-643,Configuration
RE-722,UAVModeChangeMessage
RE-86,DroneSetupServiceInstance
RE-668,FRMainLayout
RE-759,ServiceIds
RE-759,DistanceChecker
RE-86,DroneSimulatorServiceInstance
RE-649,FlightManagerService
RE-555,IDroneSetupServiceInstance
RE-555,IPlanStatusChangeListener
RE-681,AFInfoPanel
RE-754,control
RE-646,IFlightManagerServiceInstance
RE-759,SimpleCheckerMessageHandler
RE-701,IncommingGroundstationConnectionServer
RE-646,FRInfoBox
RE-86,PlanPoolManager
RE-759,WaypointTask
RE-161,VirtualDroneFleetFactory
RE-516,PVector
RE-120,AFMainLayout
RE-424,FlightZoneManager2
RE-77,DroneSetupServiceRemoteFacade
RE-86,PlanPool
RE-8,IMissionPlanningServiceInstance
RE-759,WriteDispatcher
RE-86,FlightManagerServiceRemoteFacade
RE-701,IDroneMonitoringServiceInstance
RE-701,PhysicalDrone
RE-80,SoloDirector
RE-646,FlightManagerServiceRemoteFacade
RE-595,SimpleSimulator
RE-160,DispatchQueueManager
RE-510,LlaCoordinate
RE-714,CommandIds
RE-616,PhysicalDrone
RE-701,MonitoringDispatchThread
RE-706,UAVMonitorableMessage
RE-714,TakeoffCommand
RE-649,IFlightManagerRemoteService
RE-501,IFlightRoute
RE-8,MissionPlanningServiceInstance
RE-759,TaskList
RE-759,IMissionPlan
RE-80,PhysicalDrone
RE-114,LeafletmapFactory
RE-714,ReadDispatcher
RE-593,SimpleSimulator
RE-701,RemoteMessageHandler
RE-759,IMissionTask
RE-672,MapDrawingUtil
RE-501,IFlightRouteplanningServiceInstance
RE-25,VirtualDrone
RE-8,StatusDispatchThread
RE-626,DroneSetupServiceRemoteFacade
RE-646,FlightManagerService
RE-541,AbstractFlightPattern
RE-759,RouteTask
RE-77,IDroneSetupServiceInstance
RE-722,UAVMonitoringMessage
RE-626,DroneSetupServiceInstance
RE-701,FlightPlan
RE-501,FlightRouteplanningService
RE-77,IStopStrategy
RE-86,FlightManagerServiceInstance
RE-77,IPlanStatusChangeListener
RE-77,PhysicalDroneFleetFactory
RE-759,MissionController
RE-649,FlightZoneManager2
RE-86,PhysicalDrone
RE-709,DronologyServiceRunner
RE-736,DroneFleetManager
RE-555,DroneSetupService
RE-714,SetMonitoringFrequencyCommand
RE-77,IFlightRoute
RE-754,copter
RE-558,PlanPoolManager
RE-759,CoordinatedTakeoffPattern
RE-751,control
RE-77,IUAVPropertyUpdateNotifier
RE-541,FullMissionPlan
RE-77,IMovementSimulator
RE-28,PlanPool
RE-672,MapMarkerUtilities
RE-86,DroneInitializationInfo
RE-759,CollisionInfo
RE-25,AbstractDrone
RE-77,FlightManagerServiceInstance
RE-555,DroneException
RE-691,IFlightPlan
RE-501,Waypoint
RE-722,UAVStateMessage
RE-595,FlightSimulator
RE-36,DroneFleetManager
RE-25,PhysicalDrone
RE-77,FlightManagerService
RE-77,DroneFlightStateManager
RE-714,SetGroundSpeedCommand
RE-729,TakeoffCommand
RE-77,SoloDirector
RE-100,PlanPool
RE-701,UAVMonitorableMessage
RE-714,GoToCommand
RE-729,EmergencyStopCommand
RE-681,AFInfoBox
RE-555,SoloDirector
RE-701,DroneFlightStateManager
RE-651,AFAssignRouteComponent
RE-677,FRMapComponent
RE-576,VirtualDrone
RE-541,PatternTask
RE-593,FlightSimulator
RE-701,IMonitorableMessage
RE-77,VirtualDroneFleetFactory
RE-701,IDroneConnectorServiceInstance
RE-501,FlightRoute
RE-628,AbstractFileTransmitServerService
RE-77,Waypoint
RE-555,FlightManagerService
RE-86,FlightZoneManager2
RE-80,VirtualDrone
RE-759,IUAVProxy
RE-701,DroneConnectorService
RE-701,IFlightPlan
RE-86,DroneException
RE-86,FlightInfo
RE-681,AFControlsComponent
RE-77,PlanPool
RE-510,PVector
RE-551,FlightZoneManager2
RE-555,PhysicalDrone
RE-555,IFlightManagerServiceInstance
RE-701,PhysicalDroneFleetFactory
RE-86,FlightManagerService
RE-649,AFInfoBox
RE-649,PlanPool
RE-630,IDroneSetupRemoteService
RE-702,IDroneMonitoringServiceInstance
RE-691,FlightManagerService
RE-120,MapDrawingUtil
RE-689,AFMapComponent
RE-702,DroneMonitoringService
RE-759,UAVMissionPlan
RE-77,IManagedDroneStateChangeListener
RE-701,ArtifactIdentifier
RE-759,SimpleMonitor
RE-541,TaskList
RE-691,FlightManagerServiceRemoteFacade
RE-736,ReadDispatcher
RE-114,AFMainLayout
RE-77,SetStateFrequencyCommand
RE-656,AFDragLayout
RE-101,FlightZoneManager2
RE-558,PlanPool
RE-729,LandCommand
RE-691,TakeoffAltitudeWindow
RE-714,IDroneCommand
RE-555,IFlightPlan
RE-77,SimpleSimulator
RE-714,AbstractDroneCommand
RE-77,DronologyPersistenceUtil
RE-766,LeafletmapFactory
RE-555,DroneSetupServiceInstance
RE-86,VirtualDrone
RE-77,TestAbstractPosition
RE-672,FRInfoPanel
RE-759,TaskFactory
RE-759,SyncTask
RE-77,WatchServiceRunner
RE-759,IFlightPattern
RE-616,ReadDispatcher
RE-120,AFInfoPanel
RE-746,message
RE-701,GroundstationConnector
RE-642,Configuration
RE-709,DispatchQueueManager
RE-691,SimpleTakeoffFlightPlan
RE-77,SetMonitoringFrequencyCommand
RE-709,GroundstationConnector
RE-120,AFMapComponent
RE-86,DroneSetupServiceRemoteFacade
RE-501,FlightRouteInfo
RE-77,RemoteRMIRemoteObject
RE-649,FlightManagerServiceRemoteFacade
RE-691,AFInfoPanel
RE-555,IStartstrategy
RE-77,ManagedDrone
RE-701,DroneConnectorServiceInstance
RE-77,DroneInitializationInfo
RE-161,PhysicalDroneFleetFactory
RE-759,FlightZoneManager2
RE-701,DronologyServiceRunner
RE-630,IDrone
RE-555,FlightInfoCreator
RE-77,SimulatorFactory
RE-701,RemindsConnector
RE-679,FRControlsComponent
RE-759,FullMissionPlan
RE-701,SimpleTakeoffFlightPlan
RE-646,FlightPlanFactory
RE-626,IDroneSetupRemoteService
RE-77,FlightRoute
RE-677,FRMainLayout
RE-691,SoloDirector
RE-77,FlightPlan
RE-86,IFlightPlan
RE-611,FlightPlan
RE-759,TakeoffTask
RE-630,IFlightManagerServiceInstance
RE-630,DroneSetupServiceRemoteFacade
RE-86,IStopStrategy
RE-672,FRMetaInfo
RE-77,AbstractDroneCommand
RE-649,AFAssignRouteComponent
RE-86,DroneSetupService
RE-626,DroneSetupService
RE-670,FREditModeController
RE-549,PlanPoolManager
RE-555,DroneSimulatorServiceInstance
RE-739,copter
RE-77,RemoteInfoFactory
RE-501,FlightRoutePersistenceProvider
RE-120,Configuration
RE-709,IncommingGroundstationConnectionServer
RE-701,AbstractDroneCommand
RE-729,CommandIds
RE-86,IDroneSetupServiceInstance
RE-541,CoordinatedTakeoffPattern
RE-77,IRemoteManager
RE-664,FRMapComponent
RE-86,LandingStrategy
RE-36,PhysicalDroneFleetFactory
RE-77,AssignedDrone
RE-77,DroneFleetManager
RE-589,DronologyConstants
RE-593,VirtualDrone
RE-555,DroneFleetManager
RE-86,DroneFlightStateManager
RE-555,FlightManagerServiceRemoteFacade
RE-691,AFInfoBox
RE-714,SetStateFrequencyCommand
RE-759,MissionPlanningServiceRemoteFacade
RE-77,TestLlaCoordinate
RE-729,SetGroundSpeedCommand
RE-616,ILogger
RE-714,GroundstationConnector
RE-759,IFlightManagerRemoteService
RE-77,AbstractDroneFleetFactory
RE-759,SynchronizationState
RE-736,DroneConnectorServiceInstance
RE-77,TakeoffCommand
RE-691,FlightZoneManager2
RE-695,AFMainLayout
RE-759,PatternFactory
RE-681,AFEmergencyComponent
RE-736,DispatchQueueManager
RE-729,SetMonitoringFrequencyCommand
RE-86,IFlightManagerServiceInstance
RE-759,DelayTask
RE-86,RemoteInfoFactory
RE-759,AFMapViewOperations
RE-759,FlightManagerService
RE-86,DroneFleetManager
RE-77,FlightRouteInfo
RE-77,GoToCommand
RE-616,WriteDispatcher
RE-630,VirtualDrone
RE-634,AbstractFileTransmitServerService
RE-616,DispatchQueueManager
RE-695,AFMapComponent
RE-611,ManagedDrone
RE-714,SetGimbalTargetCommand
RE-759,MissionPlan
RE-101,PlanPoolManager
RE-706,IMonitorableMessage
RE-646,FlightManagerServiceInstance
RE-746,copter
RE-541,CoordinatedLandingPattern
RE-646,AFInfoBox
RE-646,FRMapComponent
RE-646,FRInfoPanel
RE-77,IFlightPlan
RE-77,FlightInfoCreator
RE-701,VirtualDroneFleetFactory
RE-616,Log4Jv2Logger
RE-759,MissionPlanningService
RE-77,InfoNotification
RE-595,NVECSimulator
RE-634,FlightRouteplanningServiceInstance
RE-759,IFlightManagerServiceInstance
RE-77,TestCoordinates
RE-545,FullMissionPlan
RE-80,ManagedDrone
RE-77,PhysicalDrone
RE-759,RemoteManager
RE-729,AbstractDroneCommand
RE-86,IManagedDroneStateChangeListener
RE-679,FRInfoPanel
RE-672,FRControlsComponent
RE-86,Waypoint
RE-77,FlightSimulator
RE-759,AFInfoPanel
RE-77,WorkspaceInitializer
RE-736,GroundstationConnector
RE-574,PhysicalDrone
RE-555,IManagedDroneStateChangeListener
RE-759,AFMissionOperations
RE-594,VirtualDrone
RE-642,MyUI
RE-77,RuntimeDroneTypes
RE-646,IFlightManagerRemoteService
RE-77,DummyLockObject
RE-77,RemoteManager
RE-77,FlightManagerServiceRemoteFacade
RE-8,MissionPlanningService
RE-120,FlightInfoCreator
RE-693,AFInfoBox
RE-86,FlightInfoCreator
RE-160,DroneSetupService
RE-555,PlanPoolManager
RE-77,DroneException
RE-630,PhysicalDrone
RE-741,copter
RE-114,AFMapComponent
RE-616,Log4jv2RootLogger
RE-86,FlightPlanFactory
RE-77,TestSoloDirector
RE-666,FRTableDisplay
RE-77,LlaCoordinate
RE-555,DummyLockObject
RE-630,IFlightManagerRemoteService
RE-759,IMissionPlanningRemoteService
RE-77,IFlightManagerRemoteService
RE-701,MonitoringConnectionTester
RE-8,PhysicalDrone
RE-759,UAVProxy
RE-77,VirtualDrone
RE-8,DroneFlightStateManager
RE-77,SetGroundSpeedCommand
RE-77,FlightRouteplanningServiceInstance
RE-766,AFMainLayout
RE-759,JSONMissionPlanReader
RE-77,AbstractServerService
RE-77,IDroneSetupRemoteService
RE-501,FlightRouteplanningServiceRemoteFacade
RE-646,AFAssignRouteComponent
RE-701,SendToSubscriberCallable
RE-611,ILogger
RE-555,Waypoint
RE-701,PlanPoolManager
RE-689,MapDrawingUtil
RE-630,DroneSetupServiceInstance
RE-672,FREditModeController
RE-689,MapMarkerUtilities
RE-701,AbstractUAVMessage
RE-8,ModeChangeMessageTypeAdapter
RE-541,PatternFactory
RE-587,PlanPoolManager
RE-630,FlightManagerServiceRemoteFacade
RE-501,DronologyPersistenceUtil
RE-751,copter
RE-541,IMissionTask
RE-25,PhysicalDroneFleetFactory
RE-695,AFFollowBar
RE-596,VirtualDrone
RE-672,FRTableDisplay
RE-77,DroneSetupService
RE-759,LandTask
RE-691,FlightManagerServiceInstance
RE-701,IMonitoringDataHandler
RE-677,FRMetaInfo
RE-646,FlightPlan
RE-759,AbstractFlightPattern
RE-160,AbstractDroneFleetFactory
RE-77,AbstractPosition
RE-555,IStopStrategy
RE-759,IMissionPlanningServiceInstance
RE-701,IRemoteMonitoringMessageHandler
RE-36,VirtualDroneFleetFactory
RE-701,MessageMarshaller
RE-86,IFlightManagerRemoteService
RE-709,PhysicalDroneFleetFactory
RE-86,IStartstrategy
RE-751,message
RE-616,AbstractDroneCommand
RE-766,FRMapComponent
RE-759,AFMainLayout
RE-541,IFlightPattern
RE-649,FlightManagerServiceInstance
RE-714,SetVelocityCommand
RE-77,PlanPoolManager
RE-702,DroneMonitoringServiceRemoteFacade
RE-693,AFMapViewOperations
RE-759,AbstractMissionTask
RE-706,ArtifactIdentifier
RE-77,FlightZoneManager2
RE-714,ConnectionRequestMessage
RE-701,DroneMonitoringServiceInstance
RE-549,FlightZoneManager2
RE-693,MyUI
RE-759,CoordinatedLandingPattern
RE-86,DronologyServiceRunner
RE-693,AFInfoPanel
RE-630,ManagedDrone
RE-639,MissionPlanningServiceRemoteFacade
RE-689,FRMainLayout
RE-86,SoloDirector
RE-555,DronologyServiceRunner
RE-759,FlightManagerServiceInstance
RE-729,IDroneCommand
RE-701,ManagedDrone
RE-672,FRMainLayout
RE-759,SyncConstants
RE-555,FlightInfo
RE-86,FlightPlan
RE-759,SynchronizationManager
RE-77,DroneSetupServiceInstance
RE-77,IMissionPlan
RE-759,MissionExecutionException
RE-77,DronologyConstants
RE-77,FlightPlanFactory
RE-77,FlightPlanInfo
RE-736,DroneConnectorService
RE-709,RuntimeDroneTypes
RE-701,DispatchQueueManager
RE-630,FlightManagerServiceInstance
RE-120,MyUI
RE-77,NvecInterpolatorTest
RE-701,UAVPlanChangeMessage
RE-86,DummyLockObject
RE-555,DroneSetupServiceRemoteFacade
RE-77,FlightMissionManager
RE-77,MissionPlan
RE-597,DroneVoltageSimulator
RE-681,AFMainLayout
RE-616,Log4JLogForwarder
RE-691,FlightPlan
RE-649,AFDragLayout
RE-77,ManagedHashTableList
RE-555,FlightPlanFactory
RE-160,DroneInitializationInfo
RE-555,FlightManagerServiceInstance
RE-77,IFlightDirector
RE-679,AFInfoBox
RE-77,FlightInfo
RE-120,AFInfoBox
RE-587,DroneFleetManager
RE-681,AFMapComponent
RE-630,ImageProvider
RE-759,EmergencyStopCommand
RE-672,FRInfoBox
RE-634,IFlightRouteplanningServiceInstance
RE-555,RemoteInfoFactory
RE-630,AFInfoBox
RE-759,MissionPlanningServiceInstance
RE-160,DroneSetupServiceInstance
RE-77,TestPVector
RE-8,SoloDirector
RE-646,FRControlsComponent
RE-77,FlyingFieldDemoScript
RE-759,MissionUtil
RE-701,StateMessageTypeAdapter
RE-701,UAVStateChangeMessage
RE-649,IFlightManagerServiceInstance
RE-77,TestNVector
RE-86,IPlanStatusChangeListener
RE-555,FlightZoneManager2
RE-611,PlanPool
RE-656,AFAssignRouteComponent
RE-722,UAVMessageFactory
RE-766,VaadinUIMapConstants
RE-646,IFlightPlan
RE-766,LayerDescriptor
RE-86,ManagedHashTableList
RE-741,__init__
RE-672,MyUI
RE-759,MonitoringConnectionTester
RE-551,PlanPoolManager
RE-639,MissionPlanningService
RE-541,SyncConstants
RE-8,AbstractDrone
RE-766,AFMapComponent
RE-634,FlightRouteplanningService
RE-77,DroneSimulatorServiceInstance
RE-701,UAVAcknowledgeMessage
RE-754,message
RE-595,NvecInterpolator
RE-691,ManagedDrone
RE-729,SetVelocityCommand
RE-693,AFMapComponent
RE-646,AFDragLayout
RE-739,command
RE-691,AFEmergencyComponent
RE-649,DronologyActionExecutor
RE-691,IFlightManagerServiceInstance
RE-643,AFMapComponent
RE-77,DronologyServiceRunner
RE-729,SetStateFrequencyCommand
RE-161,DroneFleetManager
RE-714,SetGimbalRotationCommand
RE-701,DroneMonitoringService
RE-677,FRDeleteRouteConfirmation
RE-576,VirtualDroneFleetFactory
RE-120,MapMarkerUtilities
RE-516,LlaCoordinate
RE-547,FlightZoneManager2
RE-759,UAVMonitorableMessage
RE-759,MissionHandler
RE-759,CommandIds
RE-646,DroneFleetManager
RE-739,control
RE-672,AFMapComponent
RE-501,FlightRouteplanningServiceInstance
RE-77,NvecInterpolator
RE-555,PlanPool
RE-639,IMissionPlanningRemoteService
RE-729,GoToCommand
RE-668,FRMapComponent
RE-611,PhysicalDrone
RE-77,IDrone
RE-664,MapMarkerUtilities
RE-616,DroneFlightStateManager
RE-679,FRInfoBox
RE-555,DroneFlightStateManager
RE-508,FlightRoute
RE-516,NVector
RE-701,DronologyMonitoringManager
RE-634,FlightRouteplanningServiceRemoteFacade
RE-759,SynchronizationPoint
RE-77,AbstractDrone