DD-768.txt,edu.nd.dronology.core/src/edu/nd/dronology/core/vehicle/commands/CommandIds.java
DD-768.txt,edu.nd.dronology.core/src/edu/nd/dronology/core/vehicle/commands/SetStateFrequencyCommand.java
DD-768.txt,edu.nd.dronology.core/src/edu/nd/dronology/core/vehicle/commands/SetMonitoringFrequencyCommand.java
DD-767.txt,edu.nd.dronology.ui.vaadin/src/main/java/edu/nd/dronology/ui/vaadin/flightroutes/FRMetaInfo.java
DD-767.txt,edu.nd.dronology.ui.vaadin/src/main/java/edu/nd/dronology/ui/vaadin/flightroutes/FRMainLayout.java
DD-767.txt,edu.nd.dronology.ui.vaadin/src/main/java/edu/nd/dronology/ui/vaadin/flightroutes/FRInfoBox.java
DD-767.txt,edu.nd.dronology.ui.vaadin/src/main/java/edu/nd/dronology/ui/vaadin/flightroutes/FREditModeController.java
DD-767.txt,edu.nd.dronology.ui.vaadin/src/main/java/edu/nd/dronology/ui/vaadin/flightroutes/FRInfoPanel.java
DD-767.txt,edu.nd.dronology.ui.vaadin/src/main/java/edu/nd/dronology/ui/vaadin/utils/MapMarkerUtilities.java
DD-767.txt,edu.nd.dronology.ui.vaadin/src/main/java/edu/nd/dronology/ui/vaadin/flightroutes/FRMapComponent.java
DD-764.txt,edu.nd.dronology.ui.vaadin/src/main/java/edu/nd/dronology/ui/vaadin/connector/DronologyActionExecutor.java
DD-764.txt,edu.nd.dronology.services/src/edu/nd/dronology/services/dronesetup/IDroneSetupServiceInstance.java
DD-764.txt,edu.nd.dronology.core/src/edu/nd/dronology/core/vehicle/internal/VirtualDrone.java
DD-764.txt,edu.nd.dronology.services/src/edu/nd/dronology/services/dronesetup/DroneSetupService.java
DD-764.txt,edu.nd.dronology.core/src/edu/nd/dronology/core/vehicle/internal/PhysicalDrone.java
DD-764.txt,edu.nd.dronology.services.core/src/edu/nd/dronology/services/core/remote/IDroneSetupRemoteService.java
DD-764.txt,edu.nd.dronology.services/src/edu/nd/dronology/services/facades/DroneSetupServiceRemoteFacade.java
DD-764.txt,edu.nd.dronology.ui.vaadin/src/main/java/edu/nd/dronology/ui/vaadin/utils/ImageProvider.java
DD-764.txt,edu.nd.dronology.core/src/edu/nd/dronology/core/vehicle/ManagedDrone.java
DD-764.txt,edu.nd.dronology.ui.vaadin/src/main/java/edu/nd/dronology/ui/vaadin/activeflights/AFInfoBox.java
DD-764.txt,edu.nd.dronology.core/src/edu/nd/dronology/core/vehicle/IDrone.java
DD-764.txt,edu.nd.dronology.services/src/edu/nd/dronology/services/dronesetup/DroneSetupServiceInstance.java
DD-763.txt,edu.nd.dronology.gstation.python.connector/src/edu/nd/dronology/gstation/connector/messages/UAVModeChangeMessage.java
DD-756.txt,python/edu.nd.dronology.gstation1.python/src/control.py
DD-755.txt,python/edu.nd.dronology.gstation1.python/src/vehicle/copter.py
DD-755.txt,python/edu.nd.dronology.gstation1.python/src/communication/message.py
DD-753.txt,python/edu.nd.dronology.gstation1.python/src/control.py
DD-752.txt,python/edu.nd.dronology.gstation1.python/src/vehicle/copter.py
DD-752.txt,python/edu.nd.dronology.gstation1.python/src/communication/message.py
DD-747.txt,python/edu.nd.dronology.gstation1.python/src/vehicle/copter.py
DD-747.txt,python/edu.nd.dronology.gstation1.python/src/communication/message.py
DD-745.txt,python/edu.nd.dronology.gstation1.python/src/communication/command.py
DD-745.txt,python/edu.nd.dronology.gstation1.python/src/vehicle/copter.py
DD-745.txt,python/edu.nd.dronology.gstation1.python/src/vehicle/__init__.py
DD-745.txt,python/edu.nd.dronology.gstation1.python/src/control.py
DD-744.txt,python/edu.nd.dronology.gstation1.python/src/vehicle/__init__.py
DD-743.txt,python/edu.nd.dronology.gstation1.python/src/vehicle/__init__.py
DD-742.txt,python/edu.nd.dronology.gstation1.python/src/vehicle/__init__.py
DD-740.txt,python/edu.nd.dronology.gstation1.python/src/communication/command.py
DD-740.txt,python/edu.nd.dronology.gstation1.python/src/vehicle/copter.py
DD-740.txt,python/edu.nd.dronology.gstation1.python/src/control.py
DD-737.txt,edu.nd.dronology.gstation.python.connector/src/edu/nd/dronology/gstation/connector/GroundstationConnector.java
DD-737.txt,edu.nd.dronology.gstation.python.connector/src/edu/nd/dronology/gstation/connector/dispatch/DispatchQueueManager.java
DD-737.txt,edu.nd.dronology.core/src/edu/nd/dronology/core/fleet/DroneFleetManager.java
DD-737.txt,edu.nd.dronology.gstation.python.connector/src/edu/nd/dronology/gstation/connector/service/connector/DroneConnectorService.java
DD-737.txt,edu.nd.dronology.gstation.python.connector/src/edu/nd/dronology/gstation/connector/service/connector/DroneConnectorServiceInstance.java
DD-737.txt,edu.nd.dronology.gstation.python.connector/src/edu/nd/dronology/gstation/connector/dispatch/ReadDispatcher.java
DD-735.txt,edu.nd.dronology.core/src/edu/nd/dronology/core/vehicle/commands/TakeoffCommand.java
DD-734.txt,edu.nd.dronology.core/src/edu/nd/dronology/core/vehicle/commands/SetVelocityCommand.java
DD-733.txt,edu.nd.dronology.core/src/edu/nd/dronology/core/vehicle/commands/SetGroundSpeedCommand.java
DD-732.txt,edu.nd.dronology.core/src/edu/nd/dronology/core/vehicle/commands/GoToCommand.java
DD-731.txt,edu.nd.dronology.core/src/edu/nd/dronology/core/vehicle/commands/SetGroundSpeedCommand.java
DD-731.txt,edu.nd.dronology.core/src/edu/nd/dronology/core/vehicle/commands/CommandIds.java
DD-731.txt,edu.nd.dronology.core/src/edu/nd/dronology/core/vehicle/commands/EmergencyStopCommand.java
DD-731.txt,edu.nd.dronology.core/src/edu/nd/dronology/core/vehicle/commands/TakeoffCommand.java
DD-731.txt,edu.nd.dronology.core/src/edu/nd/dronology/core/vehicle/commands/SetVelocityCommand.java
DD-731.txt,edu.nd.dronology.core/src/edu/nd/dronology/core/vehicle/commands/LandCommand.java
DD-731.txt,edu.nd.dronology.core/src/edu/nd/dronology/core/vehicle/commands/GoToCommand.java
DD-731.txt,edu.nd.dronology.core/src/edu/nd/dronology/core/vehicle/commands/IDroneCommand.java
DD-730.txt,edu.nd.dronology.core/src/edu/nd/dronology/core/vehicle/commands/AbstractDroneCommand.java
DD-728.txt,edu.nd.dronology.core/src/edu/nd/dronology/core/vehicle/commands/SetStateFrequencyCommand.java
DD-727.txt,edu.nd.dronology.core/src/edu/nd/dronology/core/vehicle/commands/SetMonitoringFrequencyCommand.java
DD-724.txt,edu.nd.dronology.gstation.python.connector/src/edu/nd/dronology/gstation/connector/messages/UAVMessageFactory.java
DD-724.txt,edu.nd.dronology.gstation.python.connector/src/edu/nd/dronology/gstation/connector/messages/UAVStateMessage.java
DD-723.txt,edu.nd.dronology.gstation.python.connector/src/edu/nd/dronology/gstation/connector/messages/UAVMessageFactory.java
DD-723.txt,edu.nd.dronology.gstation.python.connector/src/edu/nd/dronology/gstation/connector/messages/UAVMonitoringMessage.java
DD-718.txt,edu.nd.dronology.services/src/edu/nd/dronology/services/dronesetup/DroneSetupService.java
DD-718.txt,edu.nd.dronology.gstation.python.connector/src/edu/nd/dronology/gstation/connector/dispatch/DispatchQueueManager.java
DD-718.txt,edu.nd.dronology.core/src/edu/nd/dronology/core/fleet/PhysicalDroneFleetFactory.java
DD-718.txt,edu.nd.dronology.core/src/edu/nd/dronology/core/fleet/VirtualDroneFleetFactory.java
DD-718.txt,edu.nd.dronology.services.core/src/edu/nd/dronology/services/core/info/DroneInitializationInfo.java
DD-718.txt,edu.nd.dronology.services/src/edu/nd/dronology/services/dronesetup/DroneSetupServiceInstance.java
DD-718.txt,edu.nd.dronology.core/src/edu/nd/dronology/core/fleet/AbstractDroneFleetFactory.java
DD-716.txt,edu.nd.dronology.gstation.python.connector/src/edu/nd/dronology/gstation/connector/dispatch/ReadDispatcher.java
DD-716.txt,edu.nd.dronology.gstation.python.connector/src/edu/nd/dronology/gstation/connector/messages/UAVHandshakeMessage.java
DD-715.txt,edu.nd.dronology.gstation.python.connector/src/edu/nd/dronology/gstation/connector/GroundstationConnector.java
DD-713.txt,edu.nd.dronology.gstation.python.connector/src/edu/nd/dronology/gstation/connector/messages/ConnectionRequestMessage.java
DD-713.txt,edu.nd.dronology.gstation.python.connector/src/edu/nd/dronology/gstation/connector/GroundstationConnector.java
DD-712.txt,edu.nd.dronology.core/src/edu/nd/dronology/core/fleet/RuntimeDroneTypes.java
DD-712.txt,edu.nd.dronology.gstation.python.connector/src/edu/nd/dronology/gstation/connector/GroundstationConnector.java
DD-711.txt,edu.nd.dronology.gstation.python.connector/src/edu/nd/dronology/gstation/connector/connect/IncommingGroundstationConnectionServer.java
DD-710.txt,edu.nd.dronology.gstation.python.connector/src/edu/nd/dronology/gstation/connector/connect/IncommingGroundstationConnectionServer.java
DD-707.txt,edu.nd.dronology.core/src/edu/nd/dronology/core/monitoring/IMonitorableMessage.java
DD-707.txt,edu.nd.dronology.core/src/edu/nd/dronology/core/monitoring/ArtifactIdentifier.java
DD-707.txt,edu.nd.dronology.core/src/edu/nd/dronology/core/monitoring/messages/UAVMonitorableMessage.java
DD-705.txt,edu.nd.dronology.monitoring/src/edu/nd/dronology/monitoring/service/DroneMonitoringServiceRemoteFacade.java
DD-705.txt,edu.nd.dronology.monitoring/src/edu/nd/dronology/monitoring/service/DroneMonitoringService.java
DD-705.txt,edu.nd.dronology.monitoring/src/edu/nd/dronology/monitoring/service/IDroneMonitoringRemoteService.java
DD-705.txt,edu.nd.dronology.monitoring/src/edu/nd/dronology/monitoring/service/IDroneMonitoringServiceInstance.java
DD-704.txt,edu.nd.dronology.monitoring/src/edu/nd/dronology/monitoring/service/DroneMonitoringServiceRemoteFacade.java
DD-704.txt,edu.nd.dronology.monitoring/src/edu/nd/dronology/monitoring/service/DroneMonitoringService.java
DD-704.txt,edu.nd.dronology.monitoring/src/edu/nd/dronology/monitoring/service/IDroneMonitoringRemoteService.java
DD-704.txt,edu.nd.dronology.monitoring/src/edu/nd/dronology/monitoring/service/IDroneMonitoringServiceInstance.java
DD-703.txt,edu.nd.dronology.monitoring/src/edu/nd/dronology/monitoring/service/DroneMonitoringServiceRemoteFacade.java
DD-703.txt,edu.nd.dronology.monitoring/src/edu/nd/dronology/monitoring/service/DroneMonitoringService.java
DD-703.txt,edu.nd.dronology.monitoring/src/edu/nd/dronology/monitoring/service/IDroneMonitoringRemoteService.java
DD-703.txt,edu.nd.dronology.monitoring/src/edu/nd/dronology/monitoring/service/IDroneMonitoringServiceInstance.java
DD-697.txt,edu.nd.dronology.ui.vaadin/src/main/java/edu/nd/dronology/ui/vaadin/activeflights/AFFollowBar.java
DD-697.txt,edu.nd.dronology.ui.vaadin/src/main/java/edu/nd/dronology/ui/vaadin/activeflights/AFMapComponent.java
DD-696.txt,edu.nd.dronology.ui.vaadin/src/main/java/edu/nd/dronology/ui/vaadin/activeflights/AFFollowBar.java
DD-696.txt,edu.nd.dronology.ui.vaadin/src/main/java/edu/nd/dronology/ui/vaadin/activeflights/AFMainLayout.java
DD-696.txt,edu.nd.dronology.ui.vaadin/src/main/java/edu/nd/dronology/ui/vaadin/activeflights/AFMapComponent.java
DD-694.txt,edu.nd.dronology.ui.vaadin/src/main/java/edu/nd/dronology/ui/vaadin/activeflights/AFEmergencyComponent.java
DD-694.txt,edu.nd.dronology.ui.vaadin/src/main/java/edu/nd/dronology/ui/vaadin/activeflights/AFInfoPanel.java
DD-694.txt,edu.nd.dronology.ui.vaadin/src/main/java/edu/nd/dronology/ui/vaadin/activeflights/AFMapViewOperations.java
DD-694.txt,edu.nd.dronology.ui.vaadin/src/main/java/edu/nd/dronology/ui/vaadin/start/MyUI.java
DD-694.txt,edu.nd.dronology.ui.vaadin/src/main/java/edu/nd/dronology/ui/vaadin/activeflights/AFMapComponent.java
DD-694.txt,edu.nd.dronology.ui.vaadin/src/main/java/edu/nd/dronology/ui/vaadin/activeflights/AFInfoBox.java
DD-694.txt,edu.nd.dronology.ui.vaadin/src/main/java/edu/nd/dronology/ui/vaadin/activeflights/AFMainLayout.java
DD-692.txt,edu.nd.dronology.ui.vaadin/src/main/java/edu/nd/dronology/ui/vaadin/activeflights/AFEmergencyComponent.java
DD-692.txt,edu.nd.dronology.ui.vaadin/src/main/java/edu/nd/dronology/ui/vaadin/flightroutes/windows/TakeoffAltitudeWindow.java
DD-692.txt,edu.nd.dronology.ui.vaadin/src/main/java/edu/nd/dronology/ui/vaadin/activeflights/AFInfoPanel.java
DD-692.txt,edu.nd.dronology.core/src/edu/nd/dronology/core/flightzone/FlightZoneManager2.java
DD-692.txt,edu.nd.dronology.services/src/edu/nd/dronology/services/facades/FlightManagerServiceRemoteFacade.java
DD-692.txt,edu.nd.dronology.core/src/edu/nd/dronology/core/flight/internal/SimpleTakeoffFlightPlan.java
DD-692.txt,edu.nd.dronology.services/src/edu/nd/dronology/services/instances/flightmanager/FlightManagerServiceInstance.java
DD-692.txt,edu.nd.dronology.services/src/edu/nd/dronology/services/instances/flightmanager/IFlightManagerServiceInstance.java
DD-692.txt,edu.nd.dronology.core/src/edu/nd/dronology/core/flight/IFlightPlan.java
DD-692.txt,edu.nd.dronology.core/src/edu/nd/dronology/core/flight/internal/FlightPlan.java
DD-692.txt,edu.nd.dronology.services/src/edu/nd/dronology/services/instances/flightmanager/FlightManagerService.java
DD-692.txt,edu.nd.dronology.ui.vaadin/src/main/java/edu/nd/dronology/ui/vaadin/activeflights/AFInfoBox.java
DD-692.txt,edu.nd.dronology.core/src/edu/nd/dronology/core/vehicle/ManagedDrone.java
DD-692.txt,edu.nd.dronology.core/src/edu/nd/dronology/core/flight/IFlightDirector.java
DD-692.txt,edu.nd.dronology.core/src/edu/nd/dronology/core/flight/internal/SoloDirector.java
DD-692.txt,edu.nd.dronology.services.core/src/edu/nd/dronology/services/core/remote/IFlightManagerRemoteService.java
DD-690.txt,edu.nd.dronology.ui.vaadin/src/main/java/edu/nd/dronology/ui/vaadin/flightroutes/FRMainLayout.java
DD-690.txt,edu.nd.dronology.ui.vaadin/src/main/java/edu/nd/dronology/ui/vaadin/utils/MapMarkerUtilities.java
DD-690.txt,edu.nd.dronology.ui.vaadin/src/main/java/edu/nd/dronology/ui/vaadin/activeflights/MapDrawingUtil.java
DD-690.txt,edu.nd.dronology.ui.vaadin/src/main/java/edu/nd/dronology/ui/vaadin/activeflights/AFMapComponent.java
DD-688.txt,edu.nd.dronology.ui.vaadin/src/main/java/edu/nd/dronology/ui/vaadin/start/MyUI.java
DD-688.txt,edu.nd.dronology.ui.vaadin/src/main/java/edu/nd/dronology/ui/vaadin/activeflights/MapDrawingUtil.java
DD-688.txt,edu.nd.dronology.ui.vaadin/src/main/java/edu/nd/dronology/ui/vaadin/activeflights/AFMapComponent.java
DD-687.txt,edu.nd.dronology.ui.vaadin/src/main/java/edu/nd/dronology/ui/vaadin/activeflights/AFInfoBox.java
DD-685.txt,edu.nd.dronology.ui.vaadin/src/main/java/edu/nd/dronology/ui/vaadin/flightroutes/FRTableDisplay.java
DD-685.txt,edu.nd.dronology.ui.vaadin/src/main/java/edu/nd/dronology/ui/vaadin/flightroutes/FRMainLayout.java
DD-685.txt,edu.nd.dronology.ui.vaadin/src/main/java/edu/nd/dronology/ui/vaadin/activeflights/AFInfoPanel.java
DD-685.txt,edu.nd.dronology.ui.vaadin/src/main/java/edu/nd/dronology/ui/vaadin/start/MyUI.java
DD-685.txt,edu.nd.dronology.ui.vaadin/src/main/java/edu/nd/dronology/ui/vaadin/utils/MapMarkerUtilities.java
DD-685.txt,edu.nd.dronology.ui.vaadin/src/main/java/edu/nd/dronology/ui/vaadin/activeflights/MapDrawingUtil.java
DD-685.txt,edu.nd.dronology.ui.vaadin/src/main/java/edu/nd/dronology/ui/vaadin/activeflights/AFMapComponent.java
DD-685.txt,edu.nd.dronology.services/src/edu/nd/dronology/services/instances/flightmanager/FlightInfoCreator.java
DD-685.txt,edu.nd.dronology.ui.vaadin/src/main/java/edu/nd/dronology/ui/vaadin/activeflights/AFMainLayout.java
DD-684.txt,edu.nd.dronology.ui.vaadin/src/main/java/edu/nd/dronology/ui/vaadin/map/LeafletmapFactory.java
DD-684.txt,edu.nd.dronology.ui.vaadin/src/main/java/edu/nd/dronology/ui/vaadin/activeflights/AFMapComponent.java
DD-684.txt,edu.nd.dronology.ui.vaadin/src/main/java/edu/nd/dronology/ui/vaadin/activeflights/AFMainLayout.java
DD-683.txt,edu.nd.dronology.ui.vaadin/src/main/java/edu/nd/dronology/ui/vaadin/activeflights/AFInfoPanel.java
DD-683.txt,edu.nd.dronology.ui.vaadin/src/main/java/edu/nd/dronology/ui/vaadin/start/NavigationBar.java
DD-683.txt,edu.nd.dronology.ui.vaadin/src/main/java/edu/nd/dronology/ui/vaadin/start/MyUI.java
DD-683.txt,edu.nd.dronology.ui.vaadin/src/main/java/edu/nd/dronology/ui/vaadin/activeflights/AFControlsComponent.java
DD-683.txt,edu.nd.dronology.ui.vaadin/src/main/java/edu/nd/dronology/ui/vaadin/activeflights/AFMainLayout.java
DD-682.txt,edu.nd.dronology.ui.vaadin/src/main/java/edu/nd/dronology/ui/vaadin/activeflights/AFInfoBox.java
DD-682.txt,edu.nd.dronology.ui.vaadin/src/main/java/edu/nd/dronology/ui/vaadin/start/MyUI.java
DD-682.txt,edu.nd.dronology.ui.vaadin/src/main/java/edu/nd/dronology/ui/vaadin/activeflights/AFInfoPanel.java
DD-682.txt,edu.nd.dronology.ui.vaadin/src/main/java/edu/nd/dronology/ui/vaadin/activeflights/AFMapComponent.java
DD-678.txt,edu.nd.dronology.ui.vaadin/src/main/java/edu/nd/dronology/ui/vaadin/flightroutes/FRMetaInfo.java
DD-678.txt,edu.nd.dronology.ui.vaadin/src/main/java/edu/nd/dronology/ui/vaadin/flightroutes/FRMainLayout.java
DD-678.txt,edu.nd.dronology.services/src/edu/nd/dronology/services/dronesetup/DroneSetupService.java
DD-678.txt,edu.nd.dronology.ui.vaadin/src/main/java/edu/nd/dronology/ui/vaadin/flightroutes/windows/FRDeleteRouteConfirmation.java
DD-678.txt,edu.nd.dronology.ui.vaadin/src/main/java/edu/nd/dronology/ui/vaadin/flightroutes/FRMapComponent.java
DD-675.txt,edu.nd.dronology.ui.vaadin/src/main/java/edu/nd/dronology/ui/vaadin/flightroutes/FRTableDisplay.java
DD-675.txt,edu.nd.dronology.ui.vaadin/src/main/java/edu/nd/dronology/ui/vaadin/flightroutes/FRMainLayout.java
DD-675.txt,edu.nd.dronology.ui.vaadin/src/main/java/edu/nd/dronology/ui/vaadin/utils/MapMarkerUtilities.java
DD-675.txt,edu.nd.dronology.ui.vaadin/src/main/java/edu/nd/dronology/ui/vaadin/activeflights/MapDrawingUtil.java
DD-675.txt,edu.nd.dronology.ui.vaadin/src/main/java/edu/nd/dronology/ui/vaadin/flightroutes/FRMapComponent.java
DD-674.txt,edu.nd.dronology.ui.vaadin/src/main/java/edu/nd/dronology/ui/vaadin/flightroutes/FRMetaInfo.java
DD-674.txt,edu.nd.dronology.ui.vaadin/src/main/java/edu/nd/dronology/ui/vaadin/flightroutes/FRControlsComponent.java
DD-674.txt,edu.nd.dronology.ui.vaadin/src/main/java/edu/nd/dronology/ui/vaadin/flightroutes/FRMainLayout.java
DD-674.txt,edu.nd.dronology.ui.vaadin/src/main/java/edu/nd/dronology/ui/vaadin/flightroutes/FRTableDisplay.java
DD-674.txt,edu.nd.dronology.ui.vaadin/src/main/java/edu/nd/dronology/ui/vaadin/flightroutes/FRInfoPanel.java
DD-674.txt,edu.nd.dronology.ui.vaadin/src/main/java/edu/nd/dronology/ui/vaadin/utils/MapMarkerUtilities.java
DD-674.txt,edu.nd.dronology.ui.vaadin/src/main/java/edu/nd/dronology/ui/vaadin/activeflights/AFMapComponent.java
DD-674.txt,edu.nd.dronology.ui.vaadin/src/main/java/edu/nd/dronology/ui/vaadin/flightroutes/FRMapComponent.java
DD-673.txt,edu.nd.dronology.ui.vaadin/src/main/java/edu/nd/dronology/ui/vaadin/flightroutes/FRTableDisplay.java
DD-673.txt,edu.nd.dronology.ui.vaadin/src/main/java/edu/nd/dronology/ui/vaadin/flightroutes/FRMainLayout.java
DD-673.txt,edu.nd.dronology.ui.vaadin/src/main/java/edu/nd/dronology/ui/vaadin/start/MyUI.java
DD-673.txt,edu.nd.dronology.ui.vaadin/src/main/java/edu/nd/dronology/ui/vaadin/utils/MapMarkerUtilities.java
DD-673.txt,edu.nd.dronology.ui.vaadin/src/main/java/edu/nd/dronology/ui/vaadin/activeflights/AFMapComponent.java
DD-673.txt,edu.nd.dronology.ui.vaadin/src/main/java/edu/nd/dronology/ui/vaadin/flightroutes/FRMapComponent.java
DD-671.txt,edu.nd.dronology.ui.vaadin/src/main/java/edu/nd/dronology/ui/vaadin/flightroutes/FREditModeController.java
DD-669.txt,edu.nd.dronology.ui.vaadin/src/main/java/edu/nd/dronology/ui/vaadin/flightroutes/FRMetaInfo.java
DD-669.txt,edu.nd.dronology.ui.vaadin/src/main/java/edu/nd/dronology/ui/vaadin/flightroutes/FRMainLayout.java
DD-669.txt,edu.nd.dronology.ui.vaadin/src/main/java/edu/nd/dronology/ui/vaadin/flightroutes/FRInfoPanel.java
DD-669.txt,edu.nd.dronology.ui.vaadin/src/main/java/edu/nd/dronology/ui/vaadin/start/MyUI.java
DD-669.txt,edu.nd.dronology.ui.vaadin/src/main/java/edu/nd/dronology/ui/vaadin/flightroutes/FRMapComponent.java
DD-667.txt,edu.nd.dronology.ui.vaadin/src/main/java/edu/nd/dronology/ui/vaadin/flightroutes/FRTableDisplay.java
DD-665.txt,edu.nd.dronology.ui.vaadin/src/main/java/edu/nd/dronology/ui/vaadin/utils/MapMarkerUtilities.java
DD-658.txt,edu.nd.dronology.ui.vaadin/src/main/java/edu/nd/dronology/ui/vaadin/activeflights/AFAssignRouteComponent.java
DD-657.txt,edu.nd.dronology.ui.vaadin/src/main/java/edu/nd/dronology/ui/vaadin/activeflights/AFDragLayout.java
DD-657.txt,edu.nd.dronology.ui.vaadin/src/main/java/edu/nd/dronology/ui/vaadin/activeflights/AFAssignRouteComponent.java
DD-654.txt,edu.nd.dronology.ui.vaadin/src/main/java/edu/nd/dronology/ui/vaadin/activeflights/AFAssignRouteComponent.java
DD-650.txt,edu.nd.dronology.ui.vaadin/src/main/java/edu/nd/dronology/ui/vaadin/activeflights/AFDragLayout.java
DD-650.txt,edu.nd.dronology.ui.vaadin/src/main/java/edu/nd/dronology/ui/vaadin/activeflights/AFAssignRouteComponent.java
DD-648.txt,edu.nd.dronology.ui.vaadin/src/main/java/edu/nd/dronology/ui/vaadin/activeflights/AFDragLayout.java
DD-648.txt,edu.nd.dronology.ui.vaadin/src/main/java/edu/nd/dronology/ui/vaadin/activeflights/AFAssignRouteComponent.java
DD-647.txt,edu.nd.dronology.ui.vaadin/src/main/java/edu/nd/dronology/ui/vaadin/flightroutes/FRControlsComponent.java
DD-647.txt,edu.nd.dronology.ui.vaadin/src/main/java/edu/nd/dronology/ui/vaadin/flightroutes/FRMainLayout.java
DD-647.txt,edu.nd.dronology.ui.vaadin/src/main/java/edu/nd/dronology/ui/vaadin/activeflights/AFDragLayout.java
DD-647.txt,edu.nd.dronology.ui.vaadin/src/main/java/edu/nd/dronology/ui/vaadin/flightroutes/FRInfoBox.java
DD-647.txt,edu.nd.dronology.core/src/edu/nd/dronology/core/flight/FlightPlanFactory.java
DD-647.txt,edu.nd.dronology.services.core/src/edu/nd/dronology/services/core/remote/IFlightManagerRemoteService.java
DD-647.txt,edu.nd.dronology.services/src/edu/nd/dronology/services/facades/FlightManagerServiceRemoteFacade.java
DD-647.txt,edu.nd.dronology.ui.vaadin/src/main/java/edu/nd/dronology/ui/vaadin/flightroutes/FRInfoPanel.java
DD-647.txt,edu.nd.dronology.services/src/edu/nd/dronology/services/instances/flightmanager/FlightManagerServiceInstance.java
DD-647.txt,edu.nd.dronology.services/src/edu/nd/dronology/services/instances/flightmanager/IFlightManagerServiceInstance.java
DD-647.txt,edu.nd.dronology.core/src/edu/nd/dronology/core/fleet/DroneFleetManager.java
DD-647.txt,edu.nd.dronology.core/src/edu/nd/dronology/core/flight/IFlightPlan.java
DD-647.txt,edu.nd.dronology.core/src/edu/nd/dronology/core/flight/internal/FlightPlan.java
DD-647.txt,edu.nd.dronology.services/src/edu/nd/dronology/services/instances/flightmanager/FlightManagerService.java
DD-647.txt,edu.nd.dronology.ui.vaadin/src/main/java/edu/nd/dronology/ui/vaadin/activeflights/AFMapComponent.java
DD-647.txt,edu.nd.dronology.ui.vaadin/src/main/java/edu/nd/dronology/ui/vaadin/activeflights/AFInfoBox.java
DD-647.txt,edu.nd.dronology.ui.vaadin/src/main/java/edu/nd/dronology/ui/vaadin/flightroutes/FRMapComponent.java
DD-647.txt,edu.nd.dronology.ui.vaadin/src/main/java/edu/nd/dronology/ui/vaadin/activeflights/AFAssignRouteComponent.java
DD-640.txt,edu.nd.dronology.services.core/src/edu/nd/dronology/services/core/remote/IMissionPlanningRemoteService.java
DD-640.txt,edu.nd.dronology.services/src/edu/nd/dronology/services/facades/MissionPlanningServiceRemoteFacade.java
DD-640.txt,edu.nd.dronology.services/src/edu/nd/dronology/services/instances/missionplanning/MissionPlanningService.java
DD-638.txt,edu.nd.dronology.services/src/edu/nd/dronology/services/instances/flightmanager/FlightManagerService.java
DD-636.txt,edu.nd.dronology.services/src/edu/nd/dronology/services/instances/flightroute/IFlightRouteplanningServiceInstance.java
DD-636.txt,edu.nd.dronology.services/src/edu/nd/dronology/services/facades/FlightRouteplanningServiceRemoteFacade.java
DD-636.txt,edu.nd.dronology.services/src/edu/nd/dronology/services/instances/flightroute/FlightRouteplanningService.java
DD-636.txt,edu.nd.dronology.services/src/edu/nd/dronology/services/instances/flightroute/FlightRouteplanningServiceInstance.java
DD-636.txt,edu.nd.dronology.services.core/src/edu/nd/dronology/services/core/base/AbstractFileTransmitServerService.java
DD-635.txt,edu.nd.dronology.services/src/edu/nd/dronology/services/instances/flightroute/IFlightRouteplanningServiceInstance.java
DD-635.txt,edu.nd.dronology.services/src/edu/nd/dronology/services/facades/FlightRouteplanningServiceRemoteFacade.java
DD-635.txt,edu.nd.dronology.services/src/edu/nd/dronology/services/instances/flightroute/FlightRouteplanningService.java
DD-635.txt,edu.nd.dronology.services/src/edu/nd/dronology/services/instances/flightroute/FlightRouteplanningServiceInstance.java
DD-635.txt,edu.nd.dronology.services.core/src/edu/nd/dronology/services/core/base/AbstractFileTransmitServerService.java
DD-633.txt,edu.nd.dronology.services/src/edu/nd/dronology/services/facades/FlightManagerServiceRemoteFacade.java
DD-633.txt,edu.nd.dronology.services/src/edu/nd/dronology/services/instances/flightmanager/IFlightManagerServiceInstance.java
DD-633.txt,edu.nd.dronology.services/src/edu/nd/dronology/services/instances/flightmanager/FlightManagerServiceInstance.java
DD-633.txt,edu.nd.dronology.services/src/edu/nd/dronology/services/instances/flightmanager/FlightManagerService.java
DD-633.txt,edu.nd.dronology.services.core/src/edu/nd/dronology/services/core/remote/IFlightManagerRemoteService.java
DD-632.txt,edu.nd.dronology.services/src/edu/nd/dronology/services/facades/FlightManagerServiceRemoteFacade.java
DD-632.txt,edu.nd.dronology.services/src/edu/nd/dronology/services/instances/flightmanager/IFlightManagerServiceInstance.java
DD-632.txt,edu.nd.dronology.services/src/edu/nd/dronology/services/instances/flightmanager/FlightManagerServiceInstance.java
DD-632.txt,edu.nd.dronology.services/src/edu/nd/dronology/services/instances/flightmanager/FlightManagerService.java
DD-632.txt,edu.nd.dronology.services.core/src/edu/nd/dronology/services/core/remote/IFlightManagerRemoteService.java
DD-631.txt,edu.nd.dronology.services/src/edu/nd/dronology/services/facades/FlightManagerServiceRemoteFacade.java
DD-631.txt,edu.nd.dronology.services/src/edu/nd/dronology/services/instances/flightmanager/FlightManagerService.java
DD-631.txt,edu.nd.dronology.services/src/edu/nd/dronology/services/instances/flightmanager/FlightManagerServiceInstance.java
DD-629.txt,edu.nd.dronology.services/src/edu/nd/dronology/services/instances/flightroute/FlightRouteplanningService.java
DD-629.txt,edu.nd.dronology.services.core/src/edu/nd/dronology/services/core/base/AbstractFileTransmitServerService.java
DD-627.txt,edu.nd.dronology.services.core/src/edu/nd/dronology/services/core/remote/IDroneSetupRemoteService.java
DD-627.txt,edu.nd.dronology.services/src/edu/nd/dronology/services/dronesetup/DroneSetupServiceInstance.java
DD-627.txt,edu.nd.dronology.services/src/edu/nd/dronology/services/facades/DroneSetupServiceRemoteFacade.java
DD-627.txt,edu.nd.dronology.services/src/edu/nd/dronology/services/dronesetup/DroneSetupService.java
DD-619.txt,edu.nd.dronology.gstation.python.connector/src/edu/nd/dronology/gstation/connector/dispatch/ReadDispatcher.java
DD-618.txt,edu.nd.dronology.gstation.python.connector/src/edu/nd/dronology/gstation/connector/GroundstationConnector.java
DD-617.txt,edu.nd.dronology.core/src/edu/nd/dronology/core/vehicle/DroneFlightStateManager.java
DD-617.txt,edu.nd.dronology.gstation.python.connector/src/edu/nd/dronology/gstation/connector/GroundstationConnector.java
DD-617.txt,edu.nd.dronology.gstation.python.connector/src/edu/nd/dronology/gstation/connector/dispatch/DispatchQueueManager.java
DD-617.txt,edu.nd.dronology.gstation.python.connector/src/edu/nd/dronology/gstation/connector/dispatch/WriteDispatcher.java
DD-617.txt,edu.nd.dronology.core/src/edu/nd/dronology/core/vehicle/internal/PhysicalDrone.java
DD-615.txt,edu.nd.dronology.core/src/edu/nd/dronology/core/flight/internal/FlightPlan.java
DD-614.txt,edu.nd.dronology.core/src/edu/nd/dronology/core/vehicle/internal/PhysicalDrone.java
DD-614.txt,edu.nd.dronology.core/src/edu/nd/dronology/core/vehicle/ManagedDrone.java
DD-613.txt,edu.nd.dronology.core/src/edu/nd/dronology/core/flight/PlanPool.java
DD-612.txt,edu.nd.dronology.core/src/edu/nd/dronology/core/flight/PlanPool.java
DD-609.txt,edu.nd.dronology.core/src/edu/nd/dronology/core/simulator/simplesimulator/DroneVoltageSimulator.java
DD-608.txt,edu.nd.dronology.core/src/edu/nd/dronology/core/vehicle/internal/VirtualDrone.java
DD-607.txt,edu.nd.dronology.core/src/edu/nd/dronology/core/simulator/nvecsimulator/NvecInterpolator.java
DD-607.txt,edu.nd.dronology.core/src/edu/nd/dronology/core/simulator/nvecsimulator/NVECSimulator.java
DD-606.txt,edu.nd.dronology.core/src/edu/nd/dronology/core/simulator/nvecsimulator/NvecInterpolator.java
DD-606.txt,edu.nd.dronology.core/src/edu/nd/dronology/core/simulator/nvecsimulator/NVECSimulator.java
DD-605.txt,edu.nd.dronology.core/src/edu/nd/dronology/core/vehicle/internal/VirtualDrone.java
DD-603.txt,edu.nd.dronology.core/src/edu/nd/dronology/core/simulator/simplesimulator/DroneVoltageSimulator.java
DD-602.txt,edu.nd.dronology.core/src/edu/nd/dronology/core/vehicle/internal/VirtualDrone.java
DD-601.txt,edu.nd.dronology.core/src/edu/nd/dronology/core/simulator/simplesimulator/SimpleSimulator.java
DD-601.txt,edu.nd.dronology.core/src/edu/nd/dronology/core/simulator/simplesimulator/FlightSimulator.java
DD-600.txt,edu.nd.dronology.core/src/edu/nd/dronology/core/simulator/simplesimulator/SimpleSimulator.java
DD-600.txt,edu.nd.dronology.core/src/edu/nd/dronology/core/simulator/simplesimulator/FlightSimulator.java
DD-599.txt,edu.nd.dronology.core/src/edu/nd/dronology/core/vehicle/internal/VirtualDrone.java
DD-590.txt,edu.nd.dronology.core/src/edu/nd/dronology/core/DronologyConstants.java
DD-588.txt,edu.nd.dronology.core/src/edu/nd/dronology/core/fleet/DroneFleetManager.java
DD-588.txt,edu.nd.dronology.core/src/edu/nd/dronology/core/flight/PlanPoolManager.java
DD-584.txt,edu.nd.dronology.core/src/edu/nd/dronology/core/fleet/PhysicalDroneFleetFactory.java
DD-584.txt,edu.nd.dronology.core/src/edu/nd/dronology/core/fleet/VirtualDroneFleetFactory.java
DD-584.txt,edu.nd.dronology.core/src/edu/nd/dronology/core/fleet/DroneFleetManager.java
DD-583.txt,edu.nd.dronology.core/src/edu/nd/dronology/core/fleet/PhysicalDroneFleetFactory.java
DD-583.txt,edu.nd.dronology.core/src/edu/nd/dronology/core/fleet/VirtualDroneFleetFactory.java
DD-583.txt,edu.nd.dronology.core/src/edu/nd/dronology/core/fleet/DroneFleetManager.java
DD-580.txt,edu.nd.dronology.core/src/edu/nd/dronology/core/flightzone/FlightZoneManager2.java
DD-580.txt,edu.nd.dronology.core/src/edu/nd/dronology/core/vehicle/DroneFlightStateManager.java
DD-579.txt,edu.nd.dronology.core/src/edu/nd/dronology/core/flightzone/FlightZoneManager2.java
DD-579.txt,edu.nd.dronology.core/src/edu/nd/dronology/core/vehicle/DroneFlightStateManager.java
DD-578.txt,edu.nd.dronology.core/src/edu/nd/dronology/core/flightzone/FlightZoneManager2.java
DD-578.txt,edu.nd.dronology.core/src/edu/nd/dronology/core/vehicle/DroneFlightStateManager.java
DD-577.txt,edu.nd.dronology.core/src/edu/nd/dronology/core/fleet/VirtualDroneFleetFactory.java
DD-577.txt,edu.nd.dronology.core/src/edu/nd/dronology/core/vehicle/internal/VirtualDrone.java
DD-575.txt,edu.nd.dronology.core/src/edu/nd/dronology/core/fleet/PhysicalDroneFleetFactory.java
DD-575.txt,edu.nd.dronology.core/src/edu/nd/dronology/core/vehicle/internal/PhysicalDrone.java
DD-573.txt,edu.nd.dronology.core/src/edu/nd/dronology/core/fleet/VirtualDroneFleetFactory.java
DD-573.txt,edu.nd.dronology.core/src/edu/nd/dronology/core/vehicle/AbstractDrone.java
DD-573.txt,edu.nd.dronology.core/src/edu/nd/dronology/core/vehicle/internal/VirtualDrone.java
DD-572.txt,edu.nd.dronology.core/src/edu/nd/dronology/core/vehicle/AbstractDrone.java
DD-572.txt,edu.nd.dronology.core/src/edu/nd/dronology/core/fleet/PhysicalDroneFleetFactory.java
DD-572.txt,edu.nd.dronology.core/src/edu/nd/dronology/core/vehicle/internal/PhysicalDrone.java
DD-560.txt,edu.nd.dronology.core/src/edu/nd/dronology/core/flight/PlanPool.java
DD-560.txt,edu.nd.dronology.core/src/edu/nd/dronology/core/flight/PlanPoolManager.java
DD-559.txt,edu.nd.dronology.core/src/edu/nd/dronology/core/flight/PlanPool.java
DD-559.txt,edu.nd.dronology.core/src/edu/nd/dronology/core/flight/PlanPoolManager.java
DD-557.txt,edu.nd.dronology.core/src/edu/nd/dronology/core/flight/PlanPool.java
DD-557.txt,edu.nd.dronology.core/src/edu/nd/dronology/core/flight/PlanPoolManager.java
DD-556.txt,edu.nd.dronology.core/src/edu/nd/dronology/core/flight/PlanPool.java
DD-556.txt,edu.nd.dronology.core/src/edu/nd/dronology/core/flight/PlanPoolManager.java
DD-554.txt,edu.nd.dronology.core/src/edu/nd/dronology/core/flightzone/FlightZoneManager2.java
DD-554.txt,edu.nd.dronology.core/src/edu/nd/dronology/core/flight/PlanPoolManager.java
DD-553.txt,edu.nd.dronology.core/src/edu/nd/dronology/core/flightzone/FlightZoneManager2.java
DD-552.txt,edu.nd.dronology.core/src/edu/nd/dronology/core/flightzone/FlightZoneManager2.java
DD-552.txt,edu.nd.dronology.core/src/edu/nd/dronology/core/flight/PlanPoolManager.java
DD-550.txt,edu.nd.dronology.core/src/edu/nd/dronology/core/flightzone/FlightZoneManager2.java
DD-550.txt,edu.nd.dronology.core/src/edu/nd/dronology/core/flight/PlanPoolManager.java
DD-548.txt,edu.nd.dronology.core/src/edu/nd/dronology/core/flightzone/FlightZoneManager2.java
DD-546.txt,edu.nd.dronology.services/src/edu/nd/dronology/services/missionplanning/plan/FullMissionPlan.java
DD-546.txt,edu.nd.dronology.services/src/edu/nd/dronology/services/missionplanning/plan/MissionController.java
DD-544.txt,edu.nd.dronology.services/src/edu/nd/dronology/services/missionplanning/patterns/CoordinatedLandingPattern.java
DD-544.txt,edu.nd.dronology.services/src/edu/nd/dronology/services/missionplanning/tasks/PatternTask.java
DD-544.txt,edu.nd.dronology.services/src/edu/nd/dronology/services/missionplanning/sync/SyncConstants.java
DD-543.txt,edu.nd.dronology.services/src/edu/nd/dronology/services/missionplanning/patterns/CoordinatedTakeoffPattern.java
DD-543.txt,edu.nd.dronology.services/src/edu/nd/dronology/services/missionplanning/tasks/PatternTask.java
DD-543.txt,edu.nd.dronology.services/src/edu/nd/dronology/services/missionplanning/sync/SyncConstants.java
DD-542.txt,edu.nd.dronology.services/src/edu/nd/dronology/services/missionplanning/patterns/PatternFactory.java
DD-542.txt,edu.nd.dronology.services/src/edu/nd/dronology/services/missionplanning/plan/FullMissionPlan.java
DD-542.txt,edu.nd.dronology.services/src/edu/nd/dronology/services/missionplanning/patterns/TaskList.java
DD-542.txt,edu.nd.dronology.services/src/edu/nd/dronology/services/missionplanning/tasks/IMissionTask.java
DD-542.txt,edu.nd.dronology.services/src/edu/nd/dronology/services/missionplanning/patterns/AbstractFlightPattern.java
DD-542.txt,edu.nd.dronology.services/src/edu/nd/dronology/services/missionplanning/patterns/IFlightPattern.java
DD-540.txt,edu.nd.dronology.services/src/edu/nd/dronology/services/missionplanning/plan/FullMissionPlan.java
DD-540.txt,edu.nd.dronology.services/src/edu/nd/dronology/services/missionplanning/JSONMissionPlanReader.java
DD-538.txt,edu.nd.dronology.services/src/edu/nd/dronology/services/missionplanning/sync/SynchronizationManager.java
DD-537.txt,edu.nd.dronology.services/src/edu/nd/dronology/services/missionplanning/sync/SynchronizationState.java
DD-537.txt,edu.nd.dronology.services/src/edu/nd/dronology/services/missionplanning/sync/SynchronizationPoint.java
DD-536.txt,edu.nd.dronology.services/src/edu/nd/dronology/services/missionplanning/plan/FullMissionPlan.java
DD-536.txt,edu.nd.dronology.services/src/edu/nd/dronology/services/missionplanning/plan/UAVMissionPlan.java
DD-530.txt,edu.nd.dronology.core/src/edu/nd/dronology/core/vehicle/internal/PhysicalDrone.java
DD-529.txt,edu.nd.dronology.core/src/edu/nd/dronology/core/vehicle/internal/VirtualDrone.java
DD-529.txt,edu.nd.dronology.core/src/edu/nd/dronology/core/vehicle/internal/PhysicalDrone.java
DD-529.txt,edu.nd.dronology.core/src/edu/nd/dronology/core/vehicle/ManagedDrone.java
DD-528.txt,edu.nd.dronology.core/src/edu/nd/dronology/core/vehicle/internal/VirtualDrone.java
DD-528.txt,edu.nd.dronology.core/src/edu/nd/dronology/core/vehicle/internal/PhysicalDrone.java
DD-528.txt,edu.nd.dronology.core/src/edu/nd/dronology/core/vehicle/ManagedDrone.java
DD-527.txt,edu.nd.dronology.core/src/edu/nd/dronology/core/vehicle/ManagedDrone.java
DD-527.txt,edu.nd.dronology.core/src/edu/nd/dronology/core/flight/internal/SoloDirector.java
DD-520.txt,edu.nd.dronology.core/src/edu/nd/dronology/core/flightzone/FlightZoneManager2.java
DD-518.txt,edu.nd.dronology.core/src/edu/nd/dronology/core/coordinate/LlaCoordinate.java
DD-518.txt,edu.nd.dronology.core/src/edu/nd/dronology/core/coordinate/PVector.java
DD-518.txt,edu.nd.dronology.core/src/edu/nd/dronology/core/coordinate/NVector.java
DD-515.txt,edu.nd.dronology.core/src/edu/nd/dronology/core/coordinate/PVector.java
DD-515.txt,edu.nd.dronology.core/src/edu/nd/dronology/core/coordinate/LlaCoordinate.java
DD-514.txt,edu.nd.dronology.core/src/edu/nd/dronology/core/coordinate/LlaCoordinate.java
DD-514.txt,edu.nd.dronology.core/src/edu/nd/dronology/core/coordinate/NVector.java
DD-513.txt,edu.nd.dronology.core/src/edu/nd/dronology/core/coordinate/PVector.java
DD-513.txt,edu.nd.dronology.core/src/edu/nd/dronology/core/coordinate/LlaCoordinate.java
DD-512.txt,edu.nd.dronology.core/src/edu/nd/dronology/core/coordinate/LlaCoordinate.java
DD-512.txt,edu.nd.dronology.core/src/edu/nd/dronology/core/coordinate/NVector.java
DD-511.txt,edu.nd.dronology.core/src/edu/nd/dronology/core/coordinate/LlaCoordinate.java
DD-509.txt,edu.nd.dronology.services.core/src/edu/nd/dronology/services/core/items/FlightRoute.java
DD-507.txt,edu.nd.dronology.services/src/edu/nd/dronology/services/instances/flightroute/FlightRouteplanningServiceInstance.java
DD-506.txt,edu.nd.dronology.services.core/src/edu/nd/dronology/services/core/base/AbstractFileTransmitServiceInstance.java
DD-502.txt,edu.nd.dronology.services.core/src/edu/nd/dronology/services/core/persistence/FlightRoutePersistenceProvider.java
DD-500.txt,edu.nd.dronology.gstation.python.connector/src/edu/nd/dronology/gstation/connector/dispatch/StatusDispatchThread.java
DD-500.txt,edu.nd.dronology.services/src/edu/nd/dronology/services/instances/missionplanning/IMissionPlanningServiceInstance.java
DD-500.txt,edu.nd.dronology.core/src/edu/nd/dronology/core/vehicle/internal/PhysicalDrone.java
DD-500.txt,edu.nd.dronology.core/src/edu/nd/dronology/core/vehicle/AbstractDrone.java
DD-500.txt,edu.nd.dronology.gstation.python.connector/src/edu/nd/dronology/gstation/connector/messages/ModeChangeMessageTypeAdapter.java
DD-500.txt,edu.nd.dronology.gstation.python.connector/src/edu/nd/dronology/gstation/connector/messages/UAVMessageFactory.java
DD-500.txt,edu.nd.dronology.services/src/edu/nd/dronology/services/instances/missionplanning/MissionPlanningService.java
DD-500.txt,edu.nd.dronology.services/src/edu/nd/dronology/services/instances/missionplanning/MissionPlanningServiceInstance.java
DD-500.txt,edu.nd.dronology.gstation.python.connector/src/edu/nd/dronology/gstation/connector/messages/UAVModeChangeMessage.java
DD-498.txt,edu.nd.dronology.services/src/edu/nd/dronology/services/missionplanning/JSONMissionPlanReader.java
DD-498.txt,edu.nd.dronology.services/src/edu/nd/dronology/services/missionplanning/plan/UAVMissionPlan.java
DD-498.txt,edu.nd.dronology.services/src/edu/nd/dronology/services/missionplanning/plan/FullMissionPlan.java
DD-498.txt,edu.nd.dronology.services/src/edu/nd/dronology/services/missionplanning/tasks/DelayTask.java
DD-498.txt,edu.nd.dronology.services/src/edu/nd/dronology/services/missionplanning/tasks/TaskFactory.java
DD-468.txt,edu.nd.dronology.services/src/edu/nd/dronology/services/missionplanning/patterns/CoordinatedLandingPattern.java
DD-468.txt,edu.nd.dronology.services/src/edu/nd/dronology/services/missionplanning/tasks/LandTask.java
DD-468.txt,edu.nd.dronology.services/src/edu/nd/dronology/services/missionplanning/sync/SynchronizationPoint.java
DD-468.txt,edu.nd.dronology.services/src/edu/nd/dronology/services/missionplanning/plan/MissionUtil.java
DD-468.txt,edu.nd.dronology.services/src/edu/nd/dronology/services/instances/missionplanning/IMissionPlanningServiceInstance.java
DD-468.txt,edu.nd.dronology.services/src/edu/nd/dronology/services/instances/flightmanager/IFlightManagerServiceInstance.java
DD-468.txt,edu.nd.dronology.services/src/edu/nd/dronology/services/instances/flightmanager/FlightManagerServiceInstance.java
DD-468.txt,edu.nd.dronology.services/src/edu/nd/dronology/services/missionplanning/tasks/AbstractMissionTask.java
DD-468.txt,edu.nd.dronology.services/src/edu/nd/dronology/services/missionplanning/tasks/SyncTask.java
DD-468.txt,edu.nd.dronology.services/src/edu/nd/dronology/services/missionplanning/plan/FullMissionPlan.java
DD-468.txt,edu.nd.dronology.monitoring.simplechecker/src/edu/nd/dronology/monitoring/simplechecker/checker/CollisionInfo.java
DD-468.txt,edu.nd.dronology.services/src/edu/nd/dronology/services/missionplanning/sync/SynchronizationManager.java
DD-468.txt,edu.nd.dronology.services/src/edu/nd/dronology/services/remote/RemoteManager.java
DD-468.txt,edu.nd.dronology.services/src/edu/nd/dronology/services/instances/missionplanning/MissionPlanningServiceInstance.java
DD-468.txt,edu.nd.dronology.services/src/edu/nd/dronology/services/missionplanning/plan/MissionController.java
DD-468.txt,edu.nd.dronology.services/src/edu/nd/dronology/services/missionplanning/patterns/TaskList.java
DD-468.txt,edu.nd.dronology.core/src/edu/nd/dronology/core/vehicle/ManagedDrone.java
DD-468.txt,edu.nd.dronology.services/src/edu/nd/dronology/services/missionplanning/patterns/IFlightPattern.java
DD-468.txt,edu.nd.dronology.ui.vaadin/src/main/java/edu/nd/dronology/ui/vaadin/activeflights/AFMapViewOperations.java
DD-468.txt,edu.nd.dronology.core/src/edu/nd/dronology/core/vehicle/commands/CommandIds.java
DD-468.txt,edu.nd.dronology.services/src/edu/nd/dronology/services/missionplanning/MissionExecutionException.java
DD-468.txt,edu.nd.dronology.services/src/edu/nd/dronology/services/missionplanning/plan/UAVMissionPlan.java
DD-468.txt,edu.nd.dronology.ui.vaadin/src/main/java/edu/nd/dronology/ui/vaadin/activeflights/MissionHandler.java
DD-468.txt,edu.nd.dronology.services/src/edu/nd/dronology/services/facades/MissionPlanningServiceRemoteFacade.java
DD-468.txt,edu.nd.dronology.core/src/edu/nd/dronology/core/vehicle/IUAVProxy.java
DD-468.txt,edu.nd.dronology.monitoring.simplechecker/src/edu/nd/dronology/monitoring/simplechecker/checker/SimpleCheckerMessageHandler.java
DD-468.txt,edu.nd.dronology.services/src/edu/nd/dronology/services/missionplanning/patterns/AbstractFlightPattern.java
DD-468.txt,edu.nd.dronology.services.core/src/edu/nd/dronology/services/core/remote/IMissionPlanningRemoteService.java
DD-468.txt,edu.nd.dronology.services/src/edu/nd/dronology/services/missionplanning/JSONMissionPlanReader.java
DD-468.txt,edu.nd.dronology.services/src/edu/nd/dronology/services/missionplanning/tasks/RouteTask.java
DD-468.txt,edu.nd.dronology.gstation.python.connector/src/edu/nd/dronology/gstation/connector/dispatch/WriteDispatcher.java
DD-468.txt,edu.nd.dronology.core/src/edu/nd/dronology/core/flightzone/FlightZoneManager2.java
DD-468.txt,edu.nd.dronology.services/src/edu/nd/dronology/services/missionplanning/patterns/CoordinatedTakeoffPattern.java
DD-468.txt,edu.nd.dronology.services/src/edu/nd/dronology/services/missionplanning/patterns/PatternFactory.java
DD-468.txt,edu.nd.dronology.monitoring.reminds/src/edu/nd/dronology/test/MonitoringConnectionTester.java
DD-468.txt,edu.nd.dronology.services.core/src/edu/nd/dronology/services/core/util/ServiceIds.java
DD-468.txt,edu.nd.dronology.services/src/edu/nd/dronology/services/missionplanning/tasks/PatternTask.java
DD-468.txt,edu.nd.dronology.services/src/edu/nd/dronology/services/instances/flightmanager/FlightManagerService.java
DD-468.txt,edu.nd.dronology.services/src/edu/nd/dronology/services/missionplanning/sync/SyncConstants.java
DD-468.txt,edu.nd.dronology.services/src/edu/nd/dronology/services/instances/missionplanning/MissionPlanningService.java
DD-468.txt,edu.nd.dronology.services/src/edu/nd/dronology/services/missionplanning/tasks/TaskFactory.java
DD-468.txt,edu.nd.dronology.ui.vaadin/src/main/java/edu/nd/dronology/ui/vaadin/activeflights/AFMainLayout.java
DD-468.txt,edu.nd.dronology.services/src/edu/nd/dronology/services/missionplanning/sync/SynchronizationState.java
DD-468.txt,edu.nd.dronology.ui.vaadin/src/main/java/edu/nd/dronology/ui/vaadin/activeflights/AFInfoPanel.java
DD-468.txt,edu.nd.dronology.core/src/edu/nd/dronology/core/vehicle/commands/EmergencyStopCommand.java
DD-468.txt,edu.nd.dronology.core/src/edu/nd/dronology/core/vehicle/proxy/UAVProxy.java
DD-468.txt,edu.nd.dronology.monitoring.simplechecker/src/edu/nd/dronology/monitoring/simplechecker/checker/DistanceChecker.java
DD-468.txt,edu.nd.dronology.services/src/edu/nd/dronology/services/missionplanning/tasks/TakeoffTask.java
DD-468.txt,edu.nd.dronology.services/src/edu/nd/dronology/services/missionplanning/tasks/WaypointTask.java
DD-468.txt,edu.nd.dronology.monitoring.simplechecker/src/edu/nd/dronology/monitoring/simplechecker/monitor/SimpleMonitor.java
DD-468.txt,edu.nd.dronology.core/src/edu/nd/dronology/core/monitoring/messages/UAVMonitorableMessage.java
DD-468.txt,edu.nd.dronology.services/src/edu/nd/dronology/services/missionplanning/tasks/IMissionTask.java
DD-468.txt,edu.nd.dronology.ui.vaadin/src/main/java/edu/nd/dronology/ui/vaadin/activeflights/AFMissionOperations.java
DD-445.txt,edu.nd.dronology.core/src/edu/nd/dronology/core/monitoring/ArtifactIdentifier.java
DD-445.txt,edu.nd.dronology.core/src/edu/nd/dronology/core/vehicle/DroneFlightStateManager.java
DD-445.txt,edu.nd.dronology.monitoring.reminds/src/edu/nd/dronology/monitoring/reminds/RemindsConnector.java
DD-445.txt,edu.nd.dronology.gstation.python.connector/src/edu/nd/dronology/gstation/connector/service/connector/IDroneConnectorServiceInstance.java
DD-445.txt,edu.nd.dronology.core/src/edu/nd/dronology/core/vehicle/commands/AbstractDroneCommand.java
DD-445.txt,edu.nd.dronology.core/src/edu/nd/dronology/core/vehicle/ManagedDrone.java
DD-445.txt,edu.nd.dronology.monitoring/src/edu/nd/dronology/monitoring/IRemoteMonitoringMessageHandler.java
DD-445.txt,edu.nd.dronology.core/src/edu/nd/dronology/core/monitoring/messages/UAVPlanChangeMessage.java
DD-445.txt,edu.nd.dronology.monitoring/src/edu/nd/dronology/monitoring/service/DroneMonitoringServiceInstance.java
DD-445.txt,edu.nd.dronology.monitoring/src/edu/nd/dronology/monitoring/service/DroneMonitoringService.java
DD-445.txt,edu.nd.dronology.core/src/edu/nd/dronology/core/monitoring/MessageMarshaller.java
DD-445.txt,edu.nd.dronology.gstation.python.connector/src/edu/nd/dronology/gstation/connector/connect/IncommingGroundstationConnectionServer.java
DD-445.txt,edu.nd.dronology.core/src/edu/nd/dronology/core/monitoring/IMonitoringDataHandler.java
DD-445.txt,edu.nd.dronology.services.launch/src/edu/nd/dronology/services/launch/DronologyServiceRunner.java
DD-445.txt,edu.nd.dronology.core/src/edu/nd/dronology/core/flight/PlanPoolManager.java
DD-445.txt,edu.nd.dronology.core/src/edu/nd/dronology/core/monitoring/IMonitorableMessage.java
DD-445.txt,edu.nd.dronology.core/src/edu/nd/dronology/core/monitoring/messages/UAVStateChangeMessage.java
DD-445.txt,edu.nd.dronology.core/src/edu/nd/dronology/core/fleet/PhysicalDroneFleetFactory.java
DD-445.txt,edu.nd.dronology.gstation.python.connector/src/edu/nd/dronology/gstation/connector/messages/AbstractUAVMessage.java
DD-445.txt,edu.nd.dronology.gstation.python.connector/src/edu/nd/dronology/gstation/connector/messages/UAVAcknowledgeMessage.java
DD-445.txt,edu.nd.dronology.monitoring.reminds/src/edu/nd/dronology/test/MonitoringConnectionTester.java
DD-445.txt,edu.nd.dronology.monitoring/src/edu/nd/dronology/monitoring/SendToSubscriberCallable.java
DD-445.txt,edu.nd.dronology.gstation.python.connector/src/edu/nd/dronology/gstation/connector/service/connector/DroneConnectorService.java
DD-445.txt,edu.nd.dronology.monitoring/src/edu/nd/dronology/monitoring/service/IDroneMonitoringServiceInstance.java
DD-445.txt,edu.nd.dronology.gstation.python.connector/src/edu/nd/dronology/gstation/connector/GroundstationConnector.java
DD-445.txt,edu.nd.dronology.core/src/edu/nd/dronology/core/monitoring/DronologyMonitoringManager.java
DD-445.txt,edu.nd.dronology.gstation.python.connector/src/edu/nd/dronology/gstation/connector/dispatch/DispatchQueueManager.java
DD-445.txt,edu.nd.dronology.gstation.python.connector/src/edu/nd/dronology/gstation/connector/dispatch/MonitoringDispatchThread.java
DD-445.txt,edu.nd.dronology.core/src/edu/nd/dronology/core/vehicle/internal/PhysicalDrone.java
DD-445.txt,edu.nd.dronology.core/src/edu/nd/dronology/core/fleet/VirtualDroneFleetFactory.java
DD-445.txt,edu.nd.dronology.core/src/edu/nd/dronology/core/flight/internal/SimpleTakeoffFlightPlan.java
DD-445.txt,edu.nd.dronology.core/src/edu/nd/dronology/core/flight/IFlightPlan.java
DD-445.txt,edu.nd.dronology.core/src/edu/nd/dronology/core/monitoring/messages/UAVMonitorableMessage.java
DD-445.txt,edu.nd.dronology.gstation.python.connector/src/edu/nd/dronology/gstation/connector/messages/StateMessageTypeAdapter.java
DD-445.txt,edu.nd.dronology.core/src/edu/nd/dronology/core/flight/internal/FlightPlan.java
DD-445.txt,edu.nd.dronology.gstation.python.connector/src/edu/nd/dronology/gstation/connector/service/connector/DroneConnectorServiceInstance.java
DD-445.txt,edu.nd.dronology.monitoring.reminds/src/edu/nd/dronology/monitoring/reminds/RemoteMessageHandler.java
DD-439.txt,edu.nd.dronology.ui.vaadin/src/main/java/edu/nd/dronology/ui/vaadin/map/LeafletmapFactory.java
DD-439.txt,edu.nd.dronology.ui.vaadin/src/main/java/edu/nd/dronology/ui/vaadin/utils/LayerDescriptor.java
DD-439.txt,edu.nd.dronology.ui.vaadin/src/main/java/edu/nd/dronology/ui/vaadin/activeflights/AFMapComponent.java
DD-439.txt,edu.nd.dronology.ui.vaadin/src/main/java/edu/nd/dronology/ui/vaadin/map/VaadinUIMapConstants.java
DD-439.txt,edu.nd.dronology.ui.vaadin/src/main/java/edu/nd/dronology/ui/vaadin/flightroutes/FRMapComponent.java
DD-439.txt,edu.nd.dronology.ui.vaadin/src/main/java/edu/nd/dronology/ui/vaadin/activeflights/AFMainLayout.java
DD-421.txt,edu.nd.dronology.ui.vaadin/src/main/java/edu/nd/dronology/ui/vaadin/flightroutes/FRMapComponent.java
DD-421.txt,edu.nd.dronology.ui.vaadin/src/main/java/edu/nd/dronology/ui/vaadin/utils/MapMarkerUtilities.java
DD-362.txt,edu.nd.dronology.services.core/src/edu/nd/dronology/services/core/remote/IFlightManagerRemoteService.java
DD-362.txt,edu.nd.dronology.services/src/edu/nd/dronology/services/facades/FlightManagerServiceRemoteFacade.java
DD-362.txt,edu.nd.dronology.services/src/edu/nd/dronology/services/missionplanning/plan/UAVMissionPlan.java
DD-362.txt,edu.nd.dronology.services/src/edu/nd/dronology/services/instances/flightmanager/IFlightManagerServiceInstance.java
DD-362.txt,edu.nd.dronology.services/src/edu/nd/dronology/services/instances/flightmanager/FlightManagerServiceInstance.java
DD-362.txt,edu.nd.dronology.services/src/edu/nd/dronology/services/missionplanning/plan/FullMissionPlan.java
DD-362.txt,edu.nd.dronology.services/src/edu/nd/dronology/services/instances/flightmanager/FlightManagerService.java
DD-362.txt,edu.nd.dronology.core/src/edu/nd/dronology/core/mission/IMissionPlan.java
DD-362.txt,edu.nd.dronology.core/src/edu/nd/dronology/core/mission/MissionPlan.java
DD-361.txt,edu.nd.dronology.core/src/edu/nd/dronology/core/vehicle/commands/SetStateFrequencyCommand.java
DD-361.txt,edu.nd.dronology.gstation.python.connector/src/edu/nd/dronology/gstation/connector/messages/ConnectionRequestMessage.java
DD-361.txt,edu.nd.dronology.core/src/edu/nd/dronology/core/vehicle/commands/SetGroundSpeedCommand.java
DD-361.txt,edu.nd.dronology.gstation.python.connector/src/edu/nd/dronology/gstation/connector/GroundstationConnector.java
DD-361.txt,edu.nd.dronology.core/src/edu/nd/dronology/core/vehicle/commands/CommandIds.java
DD-361.txt,edu.nd.dronology.core/src/edu/nd/dronology/core/vehicle/commands/TakeoffCommand.java
DD-361.txt,edu.nd.dronology.core/src/edu/nd/dronology/core/vehicle/commands/SetMonitoringFrequencyCommand.java
DD-361.txt,edu.nd.dronology.core/src/edu/nd/dronology/core/vehicle/commands/AbstractDroneCommand.java
DD-361.txt,edu.nd.dronology.core/src/edu/nd/dronology/core/vehicle/commands/SetVelocityCommand.java
DD-361.txt,edu.nd.dronology.core/src/edu/nd/dronology/core/vehicle/commands/SetGimbalTargetCommand.java
DD-361.txt,edu.nd.dronology.core/src/edu/nd/dronology/core/vehicle/commands/SetGimbalRotationCommand.java
DD-361.txt,edu.nd.dronology.core/src/edu/nd/dronology/core/vehicle/commands/GoToCommand.java
DD-361.txt,edu.nd.dronology.core/src/edu/nd/dronology/core/vehicle/commands/IDroneCommand.java
DD-354.txt,edu.nd.dronology.core/src/edu/nd/dronology/core/fleet/RuntimeDroneTypes.java
DD-354.txt,edu.nd.dronology.services.launch/src/edu/nd/dronology/services/launch/DronologyServiceRunner.java
DD-354.txt,edu.nd.dronology.gstation.python.connector/src/edu/nd/dronology/gstation/connector/GroundstationConnector.java
DD-354.txt,edu.nd.dronology.gstation.python.connector/src/edu/nd/dronology/gstation/connector/dispatch/DispatchQueueManager.java
DD-354.txt,edu.nd.dronology.core/src/edu/nd/dronology/core/fleet/PhysicalDroneFleetFactory.java
DD-352.txt,edu.nd.dronology.ui.vaadin/src/main/java/edu/nd/dronology/ui/vaadin/connector/DronologyActionExecutor.java
DD-352.txt,edu.nd.dronology.ui.vaadin/src/main/java/edu/nd/dronology/ui/vaadin/activeflights/AFDragLayout.java
DD-352.txt,edu.nd.dronology.core/src/edu/nd/dronology/core/flight/PlanPoolManager.java
DD-352.txt,edu.nd.dronology.core/src/edu/nd/dronology/core/flightzone/FlightZoneManager2.java
DD-352.txt,edu.nd.dronology.services/src/edu/nd/dronology/services/facades/FlightManagerServiceRemoteFacade.java
DD-352.txt,edu.nd.dronology.services.core/src/edu/nd/dronology/services/core/remote/IFlightManagerRemoteService.java
DD-352.txt,edu.nd.dronology.services/src/edu/nd/dronology/services/instances/flightmanager/FlightManagerServiceInstance.java
DD-352.txt,edu.nd.dronology.services/src/edu/nd/dronology/services/instances/flightmanager/IFlightManagerServiceInstance.java
DD-352.txt,edu.nd.dronology.services/src/edu/nd/dronology/services/instances/flightmanager/FlightManagerService.java
DD-352.txt,edu.nd.dronology.core/src/edu/nd/dronology/core/flight/PlanPool.java
DD-352.txt,edu.nd.dronology.ui.vaadin/src/main/java/edu/nd/dronology/ui/vaadin/activeflights/AFInfoBox.java
DD-352.txt,edu.nd.dronology.ui.vaadin/src/main/java/edu/nd/dronology/ui/vaadin/activeflights/AFAssignRouteComponent.java
DD-229.txt,edu.nd.dronology.ui.vaadin/src/main/java/edu/nd/dronology/ui/vaadin/start/MyUI.java
DD-229.txt,edu.nd.dronology.ui.vaadin/src/main/java/edu/nd/dronology/ui/vaadin/utils/MapMarkerUtilities.java
DD-229.txt,edu.nd.dronology.ui.vaadin/src/main/java/edu/nd/dronology/ui/vaadin/activeflights/MapDrawingUtil.java
DD-229.txt,edu.nd.dronology.ui.vaadin/src/main/java/edu/nd/dronology/ui/vaadin/activeflights/AFMapComponent.java
DD-213.txt,edu.nd.dronology.gstation.python.connector/src/edu/nd/dronology/gstation/connector/dispatch/DispatchQueueManager.java
DD-213.txt,edu.nd.dronology.gstation.python.connector/src/edu/nd/dronology/gstation/connector/dispatch/WriteDispatcher.java
DD-213.txt,net.mv.logging/src/main/java/net/mv/logging/ILogger.java
DD-213.txt,net.mv.logging/src/main/java/net/mv/logging/log4j2/Log4jv2RootLogger.java
DD-213.txt,edu.nd.dronology.core/src/edu/nd/dronology/core/vehicle/commands/AbstractDroneCommand.java
DD-213.txt,net.mv.logging/src/main/java/net/mv/logging/log4j2/Log4JLogForwarder.java
DD-213.txt,net.mv.logging/src/main/java/net/mv/logging/log4j2/Log4Jv2Logger.java
DD-213.txt,edu.nd.dronology.gstation.python.connector/src/edu/nd/dronology/gstation/connector/dispatch/ReadDispatcher.java
DD-213.txt,net.mv.logging/src/main/java/net/mv/logging/LoggerAppenderAdapter.java
DD-177.txt,edu.nd.dronology.core/src/edu/nd/dronology/core/vehicle/DroneFlightStateManager.java
DD-177.txt,edu.nd.dronology.core/src/edu/nd/dronology/core/vehicle/commands/SetGroundSpeedCommand.java
DD-177.txt,edu.nd.dronology.services/src/edu/nd/dronology/services/instances/flightmanager/IFlightManagerServiceInstance.java
DD-177.txt,edu.nd.dronology.services/src/edu/nd/dronology/services/facades/DroneSetupServiceRemoteFacade.java
DD-177.txt,edu.nd.dronology.services.core/src/edu/nd/dronology/services/core/util/DronologyConstants.java
DD-177.txt,edu.nd.dronology.services.core/src/edu/nd/dronology/services/core/util/FileManager.java
DD-177.txt,edu.nd.dronology.core/test/edu/nd/dronology/core/utilities/TestLlaCoordinate.java
DD-177.txt,edu.nd.dronology.core/src/edu/nd/dronology/core/IUAVPropertyUpdateNotifier.java
DD-177.txt,edu.nd.dronology.core/src/edu/nd/dronology/core/vehicle/commands/SetStateFrequencyCommand.java
DD-177.txt,edu.nd.dronology.services/src/edu/nd/dronology/services/instances/dronesimulator/DroneSimulatorServiceInstance.java
DD-177.txt,edu.nd.dronology.core/src/edu/nd/dronology/core/vehicle/internal/VirtualDrone.java
DD-177.txt,edu.nd.dronology.core/test/edu/nd/dronology/core/flight_manager/TestSoloDirector.java
DD-177.txt,edu.nd.dronology.services.core/src/edu/nd/dronology/services/core/remote/IRemoteManager.java
DD-177.txt,edu.nd.dronology.core/test/edu/nd/dronology/core/simulator/nvecsimulator/NvecInterpolatorTest.java
DD-177.txt,edu.nd.dronology.services.core/src/edu/nd/dronology/services/core/remote/IDroneSetupRemoteService.java
DD-177.txt,edu.nd.dronology.core/test/edu/nd/dronology/core/utilities/TestPVector.java
DD-177.txt,edu.nd.dronology.services/src/edu/nd/dronology/services/instances/flightmanager/FlightMissionManager.java
DD-177.txt,edu.nd.dronology.core/src/edu/nd/dronology/core/flight/internal/SoloDirector.java
DD-177.txt,edu.nd.dronology.core/src/edu/nd/dronology/core/flight/IPlanStatusChangeListener.java
DD-177.txt,edu.nd.dronology.core/src/edu/nd/dronology/core/exceptions/DroneException.java
DD-177.txt,edu.nd.dronology.services.core/src/edu/nd/dronology/services/core/base/AbstractServerService.java
DD-177.txt,edu.nd.dronology.services.core/src/edu/nd/dronology/services/core/persistence/DronologyPersistenceUtil.java
DD-177.txt,edu.nd.dronology.core/src/edu/nd/dronology/core/util/Waypoint.java
DD-177.txt,edu.nd.dronology.core/src/edu/nd/dronology/core/flight/FlightPlanFactory.java
DD-177.txt,edu.nd.dronology.core/src/edu/nd/dronology/core/coordinate/AbstractPosition.java
DD-177.txt,edu.nd.dronology.core/src/edu/nd/dronology/core/vehicle/commands/SetMonitoringFrequencyCommand.java
DD-177.txt,edu.nd.dronology.core/src/edu/nd/dronology/core/flight/internal/FlightPlan.java
DD-177.txt,edu.nd.dronology.services.core/src/edu/nd/dronology/services/core/info/FlightRouteInfo.java
DD-177.txt,edu.nd.dronology.services.core/src/edu/nd/dronology/services/core/util/WatchServiceRunner.java
DD-177.txt,edu.nd.dronology.core/src/edu/nd/dronology/core/mission/IMissionPlan.java
DD-177.txt,edu.nd.dronology.core/src/edu/nd/dronology/core/fleet/AbstractDroneFleetFactory.java
DD-177.txt,edu.nd.dronology.core/src/edu/nd/dronology/core/vehicle/IManagedDroneStateChangeListener.java
DD-177.txt,edu.nd.dronology.core/src/edu/nd/dronology/core/vehicle/commands/AbstractDroneCommand.java
DD-177.txt,edu.nd.dronology.core/src/edu/nd/dronology/core/vehicle/IDroneCommandHandler.java
DD-177.txt,edu.nd.dronology.services/src/edu/nd/dronology/services/remote/RemoteManager.java
DD-177.txt,edu.nd.dronology.core/src/edu/nd/dronology/core/simulator/simplesimulator/SimpleSimulator.java
DD-177.txt,edu.nd.dronology.core/src/edu/nd/dronology/core/simulator/IMovementSimulator.java
DD-177.txt,edu.nd.dronology.core/src/edu/nd/dronology/core/vehicle/uav/IStartstrategy.java
DD-177.txt,edu.nd.dronology.core/src/edu/nd/dronology/core/flight/IFlightDirector.java
DD-177.txt,edu.nd.dronology.core/src/edu/nd/dronology/core/flight/PlanPoolManager.java
DD-177.txt,edu.nd.dronology.core/src/edu/nd/dronology/core/fleet/PhysicalDroneFleetFactory.java
DD-177.txt,edu.nd.dronology.services.core/src/edu/nd/dronology/services/core/items/FlightRoute.java
DD-177.txt,edu.nd.dronology.core/src/edu/nd/dronology/core/util/DummyLockObject.java
DD-177.txt,edu.nd.dronology.services.core/src/edu/nd/dronology/services/core/message/InfoNotification.java
DD-177.txt,edu.nd.dronology.core/test/edu/nd/dronology/core/utilities/TestNVector.java
DD-177.txt,edu.nd.dronology.core/src/edu/nd/dronology/core/fleet/VirtualDroneFleetFactory.java
DD-177.txt,edu.nd.dronology.core/src/edu/nd/dronology/core/simulator/SimulatorFactory.java
DD-177.txt,edu.nd.dronology.services.core/src/edu/nd/dronology/services/core/items/AssignedDrone.java
DD-177.txt,edu.nd.dronology.core/test/edu/nd/dronology/core/utilities/TestCoordinates.java
DD-177.txt,edu.nd.dronology.services/src/edu/nd/dronology/services/instances/flightmanager/FlightManagerServiceInstance.java
DD-177.txt,edu.nd.dronology.core/src/edu/nd/dronology/core/fleet/DroneFleetManager.java
DD-177.txt,edu.nd.dronology.core/src/edu/nd/dronology/core/vehicle/commands/SetGimbalTargetCommand.java
DD-177.txt,edu.nd.dronology.core/src/edu/nd/dronology/core/flight/PlanPool.java
DD-177.txt,edu.nd.dronology.core/src/edu/nd/dronology/core/vehicle/commands/SetGimbalRotationCommand.java
DD-177.txt,edu.nd.dronology.core/src/edu/nd/dronology/core/vehicle/ManagedDrone.java
DD-177.txt,edu.nd.dronology.core/src/edu/nd/dronology/core/vehicle/uav/LandingStrategy.java
DD-177.txt,edu.nd.dronology.core/src/edu/nd/dronology/core/unused/Flights.java
DD-177.txt,edu.nd.dronology.core/src/edu/nd/dronology/core/simulator/nvecsimulator/NvecInterpolator.java
DD-177.txt,edu.nd.dronology.services/src/edu/nd/dronology/services/instances/flightmanager/FlightInfoCreator.java
DD-177.txt,edu.nd.dronology.services/src/edu/nd/dronology/services/dronesetup/DroneSetupServiceInstance.java
DD-177.txt,edu.nd.dronology.core/src/edu/nd/dronology/core/vehicle/commands/IDroneCommand.java
DD-177.txt,edu.nd.dronology.core/src/edu/nd/dronology/core/fleet/RuntimeDroneTypes.java
DD-177.txt,edu.nd.dronology.core/src/edu/nd/dronology/core/flightzone/FlightZoneManager2.java
DD-177.txt,edu.nd.dronology.services/src/edu/nd/dronology/services/info/RemoteInfoFactory.java
DD-177.txt,edu.nd.dronology.services/src/edu/nd/dronology/services/instances/flightmanager/FlightManagerService.java
DD-177.txt,edu.nd.dronology.services/src/edu/nd/dronology/services/supervisor/WorkspaceInitializer.java
DD-177.txt,edu.nd.dronology.core/src/edu/nd/dronology/core/vehicle/uav/IStopStrategy.java
DD-177.txt,edu.nd.dronology.services/src/edu/nd/dronology/services/dronesetup/DroneSetupService.java
DD-177.txt,edu.nd.dronology.core/src/edu/nd/dronology/core/vehicle/internal/PhysicalDrone.java
DD-177.txt,edu.nd.dronology.core/src/edu/nd/dronology/core/flight/IFlightPlan.java
DD-177.txt,edu.nd.dronology.core/test/edu/nd/dronology/core/utilities/TestAbstractPosition.java
DD-177.txt,edu.nd.dronology.services.core/src/edu/nd/dronology/services/core/info/DroneInitializationInfo.java
DD-177.txt,edu.nd.dronology.core/src/edu/nd/dronology/core/simulator/simplesimulator/FlightSimulator.java
DD-177.txt,edu.nd.dronology.core/src/edu/nd/dronology/core/unused/FlightZoneManager.java
DD-177.txt,edu.nd.dronology.core/src/edu/nd/dronology/core/mission/MissionPlan.java
DD-177.txt,edu.nd.dronology.core/src/edu/nd/dronology/core/util/ManagedHashTableList.java
DD-177.txt,edu.nd.dronology.core/src/edu/nd/dronology/core/vehicle/commands/CommandIds.java
DD-177.txt,edu.nd.dronology.services/src/edu/nd/dronology/services/facades/FlightManagerServiceRemoteFacade.java
DD-177.txt,edu.nd.dronology.core/src/edu/nd/dronology/core/vehicle/IDrone.java
DD-177.txt,edu.nd.dronology.core/src/edu/nd/dronology/core/vehicle/commands/GoToCommand.java
DD-177.txt,edu.nd.dronology.services.core/src/edu/nd/dronology/services/core/remote/IFlightManagerRemoteService.java
DD-177.txt,edu.nd.dronology.services/src/edu/nd/dronology/services/dronesetup/IDroneSetupServiceInstance.java
DD-177.txt,edu.nd.dronology.services.launch/src/edu/nd/dronology/services/launch/DronologyServiceRunner.java
DD-177.txt,edu.nd.dronology.services.launch/src/edu/nd/dronology/services/launch/FlyingFieldDemoScript.java
DD-177.txt,edu.nd.dronology.core/src/edu/nd/dronology/core/vehicle/commands/TakeoffCommand.java
DD-177.txt,edu.nd.dronology.core/src/edu/nd/dronology/core/vehicle/commands/SetVelocityCommand.java
DD-177.txt,edu.nd.dronology.services/src/edu/nd/dronology/services/remote/rmi/RemoteRMIRemoteObject.java
DD-177.txt,edu.nd.dronology.services.core/src/edu/nd/dronology/services/core/info/FlightPlanInfo.java
DD-177.txt,edu.nd.dronology.services/src/edu/nd/dronology/services/instances/flightroute/FlightRouteplanningServiceInstance.java
DD-177.txt,edu.nd.dronology.core/src/edu/nd/dronology/core/vehicle/AbstractDrone.java
DD-177.txt,edu.nd.dronology.core/src/edu/nd/dronology/core/coordinate/LlaCoordinate.java
DD-177.txt,edu.nd.dronology.services.core/src/edu/nd/dronology/services/core/items/IFlightRoute.java
DD-177.txt,edu.nd.dronology.core/src/edu/nd/dronology/core/DronologyConstants.java
DD-177.txt,edu.nd.dronology.services.core/src/edu/nd/dronology/services/core/info/FlightInfo.java
DD-168.txt,edu.nd.dronology.ui.vaadin/src/main/java/edu/nd/dronology/ui/vaadin/flightroutes/FRControlsComponent.java
DD-168.txt,edu.nd.dronology.ui.vaadin/src/main/java/edu/nd/dronology/ui/vaadin/activeflights/AFInfoBox.java
DD-168.txt,edu.nd.dronology.ui.vaadin/src/main/java/edu/nd/dronology/ui/vaadin/flightroutes/FRInfoPanel.java
DD-168.txt,edu.nd.dronology.ui.vaadin/src/main/java/edu/nd/dronology/ui/vaadin/flightroutes/FRInfoBox.java
DD-122.txt,edu.nd.dronology.ui.vaadin/src/main/java/edu/nd/dronology/ui/vaadin/utils/Configuration.java
DD-122.txt,edu.nd.dronology.ui.vaadin/src/main/java/edu/nd/dronology/ui/vaadin/start/MyUI.java
DD-121.txt,edu.nd.dronology.ui.vaadin/src/main/java/edu/nd/dronology/ui/vaadin/utils/Configuration.java
DD-121.txt,edu.nd.dronology.ui.vaadin/src/main/java/edu/nd/dronology/ui/vaadin/start/MyUI.java
DD-121.txt,edu.nd.dronology.ui.vaadin/src/main/java/edu/nd/dronology/ui/vaadin/activeflights/AFMainLayout.java
DD-121.txt,edu.nd.dronology.ui.vaadin/src/main/java/edu/nd/dronology/ui/vaadin/activeflights/AFMapComponent.java
DD-119.txt,edu.nd.dronology.ui.vaadin/src/main/java/edu/nd/dronology/ui/vaadin/utils/Configuration.java
DD-119.txt,edu.nd.dronology.ui.vaadin/src/main/java/edu/nd/dronology/ui/vaadin/activeflights/AFMapComponent.java
DD-118.txt,edu.nd.dronology.ui.vaadin/src/main/java/edu/nd/dronology/ui/vaadin/utils/Configuration.java
DD-118.txt,edu.nd.dronology.ui.vaadin/src/main/java/edu/nd/dronology/ui/vaadin/activeflights/AFMapComponent.java
DD-117.txt,edu.nd.dronology.ui.vaadin/src/main/java/edu/nd/dronology/ui/vaadin/utils/Configuration.java
DD-117.txt,edu.nd.dronology.ui.vaadin/src/main/java/edu/nd/dronology/ui/vaadin/activeflights/AFMapComponent.java
DD-113.txt,edu.nd.dronology.ui.vaadin/src/main/java/edu/nd/dronology/ui/vaadin/activeflights/AFEmergencyComponent.java
DD-113.txt,edu.nd.dronology.ui.vaadin/src/main/java/edu/nd/dronology/ui/vaadin/activeflights/AFInfoBox.java
DD-113.txt,edu.nd.dronology.ui.vaadin/src/main/java/edu/nd/dronology/ui/vaadin/activeflights/AFInfoPanel.java
DD-113.txt,edu.nd.dronology.ui.vaadin/src/main/java/edu/nd/dronology/ui/vaadin/activeflights/AFControlsComponent.java
DD-104.txt,net.mv.logging/src/main/java/net/mv/logging/ILogger.java
DD-104.txt,edu.nd.dronology.core/src/edu/nd/dronology/core/flight/internal/FlightPlan.java
DD-104.txt,edu.nd.dronology.core/src/edu/nd/dronology/core/vehicle/internal/PhysicalDrone.java
DD-104.txt,edu.nd.dronology.core/src/edu/nd/dronology/core/vehicle/ManagedDrone.java
DD-87.txt,edu.nd.dronology.core/src/edu/nd/dronology/core/flight/PlanPool.java
DD-84.txt,edu.nd.dronology.core/src/edu/nd/dronology/core/flightzone/FlightZoneManager2.java
DD-84.txt,edu.nd.dronology.core/src/edu/nd/dronology/core/flight/PlanPoolManager.java
DD-81.txt,edu.nd.dronology.core/src/edu/nd/dronology/core/vehicle/DroneFlightStateManager.java
DD-81.txt,edu.nd.dronology.services/src/edu/nd/dronology/services/instances/flightmanager/FlightManagerServiceInstance.java
DD-81.txt,edu.nd.dronology.services/src/edu/nd/dronology/services/facades/DroneSetupServiceRemoteFacade.java
DD-81.txt,edu.nd.dronology.core/src/edu/nd/dronology/core/vehicle/IManagedDroneStateChangeListener.java
DD-81.txt,edu.nd.dronology.core/src/edu/nd/dronology/core/fleet/DroneFleetManager.java
DD-81.txt,edu.nd.dronology.services/src/edu/nd/dronology/services/instances/flightmanager/IFlightManagerServiceInstance.java
DD-81.txt,edu.nd.dronology.core/src/edu/nd/dronology/core/util/ManagedHashTableList.java
DD-81.txt,edu.nd.dronology.core/src/edu/nd/dronology/core/flight/PlanPool.java
DD-81.txt,edu.nd.dronology.core/src/edu/nd/dronology/core/vehicle/uav/LandingStrategy.java
DD-81.txt,edu.nd.dronology.services/src/edu/nd/dronology/services/instances/dronesimulator/DroneSimulatorServiceInstance.java
DD-81.txt,edu.nd.dronology.core/src/edu/nd/dronology/core/vehicle/internal/VirtualDrone.java
DD-81.txt,edu.nd.dronology.services/src/edu/nd/dronology/services/facades/FlightManagerServiceRemoteFacade.java
DD-81.txt,edu.nd.dronology.core/src/edu/nd/dronology/core/vehicle/uav/IStartstrategy.java
DD-81.txt,edu.nd.dronology.services.core/src/edu/nd/dronology/services/core/remote/IDroneSetupRemoteService.java
DD-81.txt,edu.nd.dronology.services/src/edu/nd/dronology/services/instances/flightmanager/FlightInfoCreator.java
DD-81.txt,edu.nd.dronology.services/src/edu/nd/dronology/services/dronesetup/DroneSetupServiceInstance.java
DD-81.txt,edu.nd.dronology.core/src/edu/nd/dronology/core/flight/internal/SoloDirector.java
DD-81.txt,edu.nd.dronology.services.core/src/edu/nd/dronology/services/core/remote/IFlightManagerRemoteService.java
DD-81.txt,edu.nd.dronology.services/src/edu/nd/dronology/services/dronesetup/IDroneSetupServiceInstance.java
DD-81.txt,edu.nd.dronology.core/src/edu/nd/dronology/core/flight/IPlanStatusChangeListener.java
DD-81.txt,edu.nd.dronology.services.launch/src/edu/nd/dronology/services/launch/DronologyServiceRunner.java
DD-81.txt,edu.nd.dronology.core/src/edu/nd/dronology/core/exceptions/DroneException.java
DD-81.txt,edu.nd.dronology.core/src/edu/nd/dronology/core/flight/PlanPoolManager.java
DD-81.txt,edu.nd.dronology.core/src/edu/nd/dronology/core/flightzone/FlightZoneManager2.java
DD-81.txt,edu.nd.dronology.services/src/edu/nd/dronology/services/info/RemoteInfoFactory.java
DD-81.txt,edu.nd.dronology.core/src/edu/nd/dronology/core/util/Waypoint.java
DD-81.txt,edu.nd.dronology.services/src/edu/nd/dronology/services/instances/flightmanager/FlightManagerService.java
DD-81.txt,edu.nd.dronology.core/src/edu/nd/dronology/core/vehicle/uav/IStopStrategy.java
DD-81.txt,edu.nd.dronology.core/src/edu/nd/dronology/core/util/DummyLockObject.java
DD-81.txt,edu.nd.dronology.services/src/edu/nd/dronology/services/dronesetup/DroneSetupService.java
DD-81.txt,edu.nd.dronology.core/src/edu/nd/dronology/core/flight/FlightPlanFactory.java
DD-81.txt,edu.nd.dronology.core/src/edu/nd/dronology/core/vehicle/internal/PhysicalDrone.java
DD-81.txt,edu.nd.dronology.core/src/edu/nd/dronology/core/flight/IFlightPlan.java
DD-81.txt,edu.nd.dronology.core/src/edu/nd/dronology/core/flight/internal/FlightPlan.java
DD-81.txt,edu.nd.dronology.services.core/src/edu/nd/dronology/services/core/info/DroneInitializationInfo.java
DD-81.txt,edu.nd.dronology.services.core/src/edu/nd/dronology/services/core/info/FlightInfo.java
DD-75.txt,edu.nd.dronology.services/src/edu/nd/dronology/services/instances/dronesimulator/DroneSimulatorServiceInstance.java
DD-75.txt,edu.nd.dronology.services/src/edu/nd/dronology/services/instances/flightroute/IFlightRouteplanningServiceInstance.java
DD-75.txt,edu.nd.dronology.services.core/src/edu/nd/dronology/services/core/persistence/DronologyPersistenceUtil.java
DD-75.txt,edu.nd.dronology.core/src/edu/nd/dronology/core/util/Waypoint.java
DD-75.txt,edu.nd.dronology.services.core/src/edu/nd/dronology/services/core/items/IFlightRoute.java
DD-75.txt,edu.nd.dronology.services.core/src/edu/nd/dronology/services/core/info/FlightRouteInfo.java
DD-75.txt,edu.nd.dronology.services/src/edu/nd/dronology/services/facades/FlightRouteplanningServiceRemoteFacade.java
DD-75.txt,edu.nd.dronology.services/src/edu/nd/dronology/services/instances/flightroute/FlightRouteplanningService.java
DD-75.txt,edu.nd.dronology.services/src/edu/nd/dronology/services/instances/flightroute/FlightRouteplanningServiceInstance.java
DD-75.txt,edu.nd.dronology.services.core/src/edu/nd/dronology/services/core/items/FlightRoute.java
DD-33.txt,edu.nd.dronology.core/src/edu/nd/dronology/core/flightzone/FlightZoneManager2.java
DD-33.txt,edu.nd.dronology.core/src/edu/nd/dronology/core/vehicle/DroneFlightStateManager.java
DD-33.txt,edu.nd.dronology.core/src/edu/nd/dronology/core/flight/internal/SoloDirector.java
DD-32.txt,edu.nd.dronology.core/src/edu/nd/dronology/core/flightzone/FlightZoneManager2.java
DD-32.txt,edu.nd.dronology.core/src/edu/nd/dronology/core/vehicle/DroneFlightStateManager.java
DD-31.txt,edu.nd.dronology.core/src/edu/nd/dronology/core/flightzone/FlightZoneManager2.java
DD-31.txt,edu.nd.dronology.core/src/edu/nd/dronology/core/vehicle/DroneFlightStateManager.java
DD-30.txt,edu.nd.dronology.core/src/edu/nd/dronology/core/flightzone/FlightZoneManager2.java
DD-30.txt,edu.nd.dronology.core/src/edu/nd/dronology/core/vehicle/ManagedDrone.java
DD-27.txt,edu.nd.dronology.core/src/edu/nd/dronology/core/vehicle/DroneFlightStateManager.java
DD-27.txt,edu.nd.dronology.services/src/edu/nd/dronology/services/instances/flightmanager/FlightManagerServiceInstance.java
DD-27.txt,edu.nd.dronology.services/src/edu/nd/dronology/services/facades/DroneSetupServiceRemoteFacade.java
DD-27.txt,edu.nd.dronology.core/src/edu/nd/dronology/core/vehicle/IManagedDroneStateChangeListener.java
DD-27.txt,edu.nd.dronology.core/src/edu/nd/dronology/core/fleet/DroneFleetManager.java
DD-27.txt,edu.nd.dronology.services/src/edu/nd/dronology/services/instances/flightmanager/IFlightManagerServiceInstance.java
DD-27.txt,edu.nd.dronology.core/src/edu/nd/dronology/core/util/ManagedHashTableList.java
DD-27.txt,edu.nd.dronology.core/src/edu/nd/dronology/core/flight/PlanPool.java
DD-27.txt,edu.nd.dronology.core/src/edu/nd/dronology/core/vehicle/uav/LandingStrategy.java
DD-27.txt,edu.nd.dronology.services/src/edu/nd/dronology/services/instances/dronesimulator/DroneSimulatorServiceInstance.java
DD-27.txt,edu.nd.dronology.core/src/edu/nd/dronology/core/vehicle/internal/VirtualDrone.java
DD-27.txt,edu.nd.dronology.services/src/edu/nd/dronology/services/facades/FlightManagerServiceRemoteFacade.java
DD-27.txt,edu.nd.dronology.core/src/edu/nd/dronology/core/vehicle/uav/IStartstrategy.java
DD-27.txt,edu.nd.dronology.services.core/src/edu/nd/dronology/services/core/remote/IDroneSetupRemoteService.java
DD-27.txt,edu.nd.dronology.services/src/edu/nd/dronology/services/instances/flightmanager/FlightInfoCreator.java
DD-27.txt,edu.nd.dronology.services/src/edu/nd/dronology/services/dronesetup/DroneSetupServiceInstance.java
DD-27.txt,edu.nd.dronology.core/src/edu/nd/dronology/core/flight/internal/SoloDirector.java
DD-27.txt,edu.nd.dronology.services.core/src/edu/nd/dronology/services/core/remote/IFlightManagerRemoteService.java
DD-27.txt,edu.nd.dronology.services/src/edu/nd/dronology/services/dronesetup/IDroneSetupServiceInstance.java
DD-27.txt,edu.nd.dronology.core/src/edu/nd/dronology/core/flight/IPlanStatusChangeListener.java
DD-27.txt,edu.nd.dronology.services.launch/src/edu/nd/dronology/services/launch/DronologyServiceRunner.java
DD-27.txt,edu.nd.dronology.core/src/edu/nd/dronology/core/exceptions/DroneException.java
DD-27.txt,edu.nd.dronology.core/src/edu/nd/dronology/core/flight/PlanPoolManager.java
DD-27.txt,edu.nd.dronology.core/src/edu/nd/dronology/core/flightzone/FlightZoneManager2.java
DD-27.txt,edu.nd.dronology.services/src/edu/nd/dronology/services/info/RemoteInfoFactory.java
DD-27.txt,edu.nd.dronology.core/src/edu/nd/dronology/core/util/Waypoint.java
DD-27.txt,edu.nd.dronology.services/src/edu/nd/dronology/services/instances/flightmanager/FlightManagerService.java
DD-27.txt,edu.nd.dronology.core/src/edu/nd/dronology/core/vehicle/uav/IStopStrategy.java
DD-27.txt,edu.nd.dronology.core/src/edu/nd/dronology/core/util/DummyLockObject.java
DD-27.txt,edu.nd.dronology.services/src/edu/nd/dronology/services/dronesetup/DroneSetupService.java
DD-27.txt,edu.nd.dronology.core/src/edu/nd/dronology/core/flight/FlightPlanFactory.java
DD-27.txt,edu.nd.dronology.core/src/edu/nd/dronology/core/vehicle/internal/PhysicalDrone.java
DD-27.txt,edu.nd.dronology.core/src/edu/nd/dronology/core/flight/IFlightPlan.java
DD-27.txt,edu.nd.dronology.core/src/edu/nd/dronology/core/flight/internal/FlightPlan.java
DD-27.txt,edu.nd.dronology.services.core/src/edu/nd/dronology/services/core/info/DroneInitializationInfo.java
DD-27.txt,edu.nd.dronology.services.core/src/edu/nd/dronology/services/core/info/FlightInfo.java
DD-26.txt,edu.nd.dronology.core/src/edu/nd/dronology/core/vehicle/DroneFlightStateManager.java
DD-26.txt,edu.nd.dronology.core/src/edu/nd/dronology/core/vehicle/ManagedDrone.java
DD-24.txt,edu.nd.dronology.core/src/edu/nd/dronology/core/coordinate/LlaCoordinate.java
DD-23.txt,edu.nd.dronology.core/src/edu/nd/dronology/core/util/Waypoint.java
DD-23.txt,edu.nd.dronology.core/src/edu/nd/dronology/core/coordinate/LlaCoordinate.java
