DD-665,MapMarkerUtilities
DD-713,ConnectionRequestMessage
DD-703,DroneMonitoringServiceRemoteFacade
DD-527,ManagedDrone
DD-352,FlightManagerService
DD-361,SetStateFrequencyCommand
DD-177,CommandIds
DD-707,UAVMonitorableMessage
DD-213,ILogger
DD-81,FlightManagerServiceInstance
DD-767,FRMapComponent
DD-518,PVector
DD-573,AbstractDrone
DD-675,FRTableDisplay
DD-498,TaskFactory
DD-537,SynchronizationPoint
DD-177,SimulatorFactory
DD-352,PlanPoolManager
DD-647,FRInfoBox
DD-740,control
DD-81,DroneSimulatorServiceInstance
DD-113,AFInfoBox
DD-121,MyUI
DD-361,GoToCommand
DD-27,RemoteInfoFactory
DD-723,UAVMonitoringMessage
DD-81,FlightInfoCreator
DD-177,TestPVector
DD-352,DronologyActionExecutor
DD-588,PlanPoolManager
DD-512,NVector
DD-685,AFMapComponent
DD-33,DroneFlightStateManager
DD-500,MissionPlanningServiceInstance
DD-674,AFMapComponent
DD-767,FRMainLayout
DD-584,VirtualDroneFleetFactory
DD-468,AFMissionOperations
DD-468,IMissionTask
DD-696,AFMapComponent
DD-177,DroneSetupServiceRemoteFacade
DD-727,SetMonitoringFrequencyCommand
DD-648,AFDragLayout
DD-640,IMissionPlanningRemoteService
DD-27,PhysicalDrone
DD-354,GroundstationConnector
DD-468,TaskList
DD-647,AFInfoBox
DD-468,FlightZoneManager2
DD-31,FlightZoneManager2
DD-704,DroneMonitoringService
DD-633,FlightManagerServiceRemoteFacade
DD-647,FlightManagerServiceRemoteFacade
DD-27,IFlightManagerRemoteService
DD-675,FRMapComponent
DD-764,DronologyActionExecutor
DD-362,MissionPlan
DD-550,PlanPoolManager
DD-615,FlightPlan
DD-600,FlightSimulator
DD-84,PlanPoolManager
DD-81,FlightPlanFactory
DD-32,DroneFlightStateManager
DD-573,VirtualDrone
DD-468,SyncConstants
DD-654,AFAssignRouteComponent
DD-468,DistanceChecker
DD-81,IFlightManagerRemoteService
DD-177,DroneSetupServiceInstance
DD-177,FlightManagerServiceInstance
DD-682,AFInfoPanel
DD-650,AFAssignRouteComponent
DD-627,DroneSetupService
DD-445,DronologyMonitoringManager
DD-627,DroneSetupServiceInstance
DD-122,MyUI
DD-75,DronologyPersistenceUtil
DD-113,AFEmergencyComponent
DD-635,FlightRouteplanningServiceRemoteFacade
DD-81,DummyLockObject
DD-632,FlightManagerServiceRemoteFacade
DD-536,UAVMissionPlan
DD-683,AFMainLayout
DD-177,MissionPlan
DD-694,AFMainLayout
DD-362,FullMissionPlan
DD-538,SynchronizationManager
DD-468,UAVMissionPlan
DD-121,AFMainLayout
DD-647,FRMapComponent
DD-177,GoToCommand
DD-468,WaypointTask
DD-631,FlightManagerServiceInstance
DD-737,DispatchQueueManager
DD-177,FlightInfo
DD-764,IDroneSetupRemoteService
DD-361,TakeoffCommand
DD-617,PhysicalDrone
DD-692,ManagedDrone
DD-500,UAVMessageFactory
DD-500,IMissionPlanningServiceInstance
DD-81,VirtualDrone
DD-468,MonitoringConnectionTester
DD-632,FlightManagerServiceInstance
DD-468,SynchronizationPoint
DD-745,command
DD-104,PhysicalDrone
DD-468,UAVMonitorableMessage
DD-30,ManagedDrone
DD-638,FlightManagerService
DD-27,ManagedHashTableList
DD-647,IFlightManagerRemoteService
DD-177,PlanPoolManager
DD-468,UAVProxy
DD-540,JSONMissionPlanReader
DD-518,LlaCoordinate
DD-81,IFlightPlan
DD-361,IDroneCommand
DD-81,SoloDirector
DD-673,MapMarkerUtilities
DD-511,LlaCoordinate
DD-468,CommandIds
DD-177,TestNVector
DD-556,PlanPool
DD-177,SoloDirector
DD-26,ManagedDrone
DD-764,ManagedDrone
DD-669,FRMainLayout
DD-445,SimpleTakeoffFlightPlan
DD-697,AFMapComponent
DD-177,FlightRoute
DD-718,DroneSetupService
DD-692,FlightManagerService
DD-684,AFMapComponent
DD-81,DroneException
DD-647,IFlightManagerServiceInstance
DD-718,PhysicalDroneFleetFactory
DD-572,AbstractDrone
DD-692,TakeoffAltitudeWindow
DD-498,DelayTask
DD-632,IFlightManagerServiceInstance
DD-362,IMissionPlan
DD-685,AFMainLayout
DD-692,SoloDirector
DD-213,WriteDispatcher
DD-177,ManagedHashTableList
DD-445,VirtualDroneFleetFactory
DD-177,SetGimbalRotationCommand
DD-177,DronologyConstants
DD-690,MapMarkerUtilities
DD-657,AFAssignRouteComponent
DD-767,MapMarkerUtilities
DD-635,IFlightRouteplanningServiceInstance
DD-468,TaskFactory
DD-556,PlanPoolManager
DD-745,copter
DD-439,LayerDescriptor
DD-572,PhysicalDroneFleetFactory
DD-362,IFlightManagerServiceInstance
DD-546,FullMissionPlan
DD-177,FlightPlanFactory
DD-352,FlightZoneManager2
DD-168,FRControlsComponent
DD-362,UAVMissionPlan
DD-27,IDroneSetupRemoteService
DD-30,FlightZoneManager2
DD-552,PlanPoolManager
DD-607,NvecInterpolator
DD-544,PatternTask
DD-647,AFMapComponent
DD-177,AbstractPosition
DD-168,FRInfoPanel
DD-81,IStopStrategy
DD-731,CommandIds
DD-756,control
DD-177,IStopStrategy
DD-354,PhysicalDroneFleetFactory
DD-27,DroneFleetManager
DD-507,FlightRouteplanningServiceInstance
DD-361,SetGimbalTargetCommand
DD-692,SimpleTakeoffFlightPlan
DD-647,FlightPlan
DD-177,FlightInfoCreator
DD-718,DispatchQueueManager
DD-121,Configuration
DD-755,message
DD-692,IFlightDirector
DD-468,IMissionPlanningRemoteService
DD-682,AFInfoBox
DD-640,MissionPlanningService
DD-177,IPlanStatusChangeListener
DD-583,PhysicalDroneFleetFactory
DD-657,AFDragLayout
DD-118,Configuration
DD-724,UAVMessageFactory
DD-177,TestAbstractPosition
DD-606,NVECSimulator
DD-584,DroneFleetManager
DD-675,MapDrawingUtil
DD-685,FRTableDisplay
DD-177,DroneFleetManager
DD-445,UAVStateChangeMessage
DD-635,FlightRouteplanningServiceInstance
DD-81,IFlightManagerServiceInstance
DD-468,CoordinatedTakeoffPattern
DD-27,FlightZoneManager2
DD-177,LlaCoordinate
DD-75,FlightRouteplanningService
DD-177,DronologyServiceRunner
DD-177,SimpleSimulator
DD-575,PhysicalDroneFleetFactory
DD-27,IDroneSetupServiceInstance
DD-514,NVector
DD-658,AFAssignRouteComponent
DD-468,AFInfoPanel
DD-81,DroneInitializationInfo
DD-118,AFMapComponent
DD-728,SetStateFrequencyCommand
DD-690,FRMainLayout
DD-177,IDroneCommandHandler
DD-614,ManagedDrone
DD-647,AFDragLayout
DD-548,FlightZoneManager2
DD-716,ReadDispatcher
DD-81,IStartstrategy
DD-692,FlightZoneManager2
DD-588,DroneFleetManager
DD-362,FlightManagerServiceInstance
DD-575,PhysicalDrone
DD-669,FRInfoPanel
DD-509,FlightRoute
DD-737,GroundstationConnector
DD-633,IFlightManagerServiceInstance
DD-119,AFMapComponent
DD-584,PhysicalDroneFleetFactory
DD-445,ArtifactIdentifier
DD-445,FlightPlan
DD-683,AFInfoPanel
DD-674,MapMarkerUtilities
DD-743,__init__
DD-27,IFlightPlan
DD-514,LlaCoordinate
DD-553,FlightZoneManager2
DD-177,FlightRouteplanningServiceInstance
DD-744,__init__
DD-468,MissionExecutionException
DD-468,LandTask
DD-685,FlightInfoCreator
DD-755,copter
DD-445,PlanPoolManager
DD-177,FlyingFieldDemoScript
DD-119,Configuration
DD-468,SynchronizationManager
DD-177,IStartstrategy
DD-177,Flights
DD-439,AFMainLayout
DD-213,Log4JLogForwarder
DD-468,PatternFactory
DD-764,IDroneSetupServiceInstance
DD-636,FlightRouteplanningService
DD-697,AFFollowBar
DD-529,ManagedDrone
DD-81,FlightManagerService
DD-767,FRMetaInfo
DD-678,FRMapComponent
DD-468,AFMainLayout
DD-687,AFInfoBox
DD-352,AFAssignRouteComponent
DD-712,RuntimeDroneTypes
DD-229,MapDrawingUtil
DD-177,SetGroundSpeedCommand
DD-445,DroneFlightStateManager
DD-673,FRTableDisplay
DD-515,PVector
DD-619,ReadDispatcher
DD-177,TestSoloDirector
DD-614,PhysicalDrone
DD-678,FRDeleteRouteConfirmation
DD-229,MapMarkerUtilities
DD-27,FlightManagerServiceRemoteFacade
DD-27,DronologyServiceRunner
DD-213,ReadDispatcher
DD-81,Waypoint
DD-528,PhysicalDrone
DD-27,FlightManagerService
DD-27,VirtualDrone
DD-578,FlightZoneManager2
DD-213,Log4jv2RootLogger
DD-177,FlightPlan
DD-731,SetVelocityCommand
DD-362,IFlightManagerRemoteService
DD-177,PhysicalDrone
DD-705,IDroneMonitoringRemoteService
DD-705,DroneMonitoringService
DD-213,Log4Jv2Logger
DD-445,IDroneConnectorServiceInstance
DD-445,ManagedDrone
DD-764,ImageProvider
DD-633,FlightManagerServiceInstance
DD-445,MonitoringConnectionTester
DD-177,VirtualDrone
DD-177,WorkspaceInitializer
DD-601,SimpleSimulator
DD-468,IUAVProxy
DD-104,ILogger
DD-213,LoggerAppenderAdapter
DD-177,PhysicalDroneFleetFactory
DD-718,AbstractDroneFleetFactory
DD-704,DroneMonitoringServiceRemoteFacade
DD-177,IFlightRoute
DD-718,DroneInitializationInfo
DD-421,MapMarkerUtilities
DD-544,CoordinatedLandingPattern
DD-500,UAVModeChangeMessage
DD-27,SoloDirector
DD-27,IStopStrategy
DD-445,IMonitoringDataHandler
DD-229,MyUI
DD-177,InfoNotification
DD-498,JSONMissionPlanReader
DD-439,AFMapComponent
DD-177,FlightSimulator
DD-27,PlanPoolManager
DD-81,DroneSetupServiceInstance
DD-673,MyUI
DD-75,DroneSimulatorServiceInstance
DD-445,UAVMonitorableMessage
DD-27,DroneFlightStateManager
DD-439,VaadinUIMapConstants
DD-515,LlaCoordinate
DD-647,FlightManagerService
DD-696,AFFollowBar
DD-705,IDroneMonitoringServiceInstance
DD-177,SetMonitoringFrequencyCommand
DD-445,DroneConnectorServiceInstance
DD-752,message
DD-177,IMissionPlan
DD-682,AFMapComponent
DD-445,UAVAcknowledgeMessage
DD-694,MyUI
DD-31,DroneFlightStateManager
DD-421,FRMapComponent
DD-669,FRMetaInfo
DD-667,FRTableDisplay
DD-81,IManagedDroneStateChangeListener
DD-737,DroneConnectorService
DD-540,FullMissionPlan
DD-468,FullMissionPlan
DD-177,DroneException
DD-768,SetStateFrequencyCommand
DD-445,IFlightPlan
DD-81,PhysicalDrone
DD-84,FlightZoneManager2
DD-468,AbstractMissionTask
DD-543,CoordinatedTakeoffPattern
DD-81,DroneFleetManager
DD-647,FRMainLayout
DD-361,GroundstationConnector
DD-678,FRMainLayout
DD-177,FlightZoneManager
DD-468,IMissionPlanningServiceInstance
DD-177,AbstractDroneCommand
DD-724,UAVStateMessage
DD-747,copter
DD-767,FRInfoPanel
DD-352,IFlightManagerRemoteService
DD-177,NvecInterpolatorTest
DD-583,VirtualDroneFleetFactory
DD-554,FlightZoneManager2
DD-734,SetVelocityCommand
DD-468,MissionHandler
DD-177,Waypoint
DD-168,FRInfoBox
DD-352,AFInfoBox
DD-75,Waypoint
DD-647,FlightPlanFactory
DD-718,VirtualDroneFleetFactory
DD-764,DroneSetupService
DD-559,PlanPoolManager
DD-24,LlaCoordinate
DD-675,FRMainLayout
DD-692,AFInfoBox
DD-445,IMonitorableMessage
DD-177,DroneSetupService
DD-703,IDroneMonitoringServiceInstance
DD-537,SynchronizationState
DD-27,FlightInfo
DD-692,IFlightManagerServiceInstance
DD-711,IncommingGroundstationConnectionServer
DD-685,AFInfoPanel
DD-678,FRMetaInfo
DD-81,IDroneSetupRemoteService
DD-640,MissionPlanningServiceRemoteFacade
DD-731,TakeoffCommand
DD-731,SetGroundSpeedCommand
DD-678,DroneSetupService
DD-27,DroneException
DD-613,PlanPool
DD-712,GroundstationConnector
DD-81,FlightZoneManager2
DD-605,VirtualDrone
DD-445,DronologyServiceRunner
DD-361,ConnectionRequestMessage
DD-685,MapDrawingUtil
DD-764,AFInfoBox
DD-684,LeafletmapFactory
DD-445,RemindsConnector
DD-177,IRemoteManager
DD-692,FlightManagerServiceInstance
DD-572,PhysicalDrone
DD-439,LeafletmapFactory
DD-177,IFlightPlan
DD-577,VirtualDroneFleetFactory
DD-498,UAVMissionPlan
DD-468,MissionPlanningServiceRemoteFacade
DD-764,PhysicalDrone
DD-468,CollisionInfo
DD-674,FRMetaInfo
DD-688,MyUI
DD-177,TestLlaCoordinate
DD-75,IFlightRouteplanningServiceInstance
DD-688,MapDrawingUtil
DD-498,FullMissionPlan
DD-546,MissionController
DD-27,FlightPlanFactory
DD-362,FlightManagerService
DD-27,DroneSetupService
DD-177,IFlightDirector
DD-703,DroneMonitoringService
DD-753,control
DD-439,FRMapComponent
DD-468,SimpleCheckerMessageHandler
DD-694,AFMapComponent
DD-542,IMissionTask
DD-81,DronologyServiceRunner
DD-27,DroneSimulatorServiceInstance
DD-674,FRMapComponent
DD-731,EmergencyStopCommand
DD-445,DroneMonitoringService
DD-685,MyUI
DD-81,IDroneSetupServiceInstance
DD-688,AFMapComponent
DD-583,DroneFleetManager
DD-529,VirtualDrone
DD-177,DroneSimulatorServiceInstance
DD-352,IFlightManagerServiceInstance
DD-617,DispatchQueueManager
DD-354,DronologyServiceRunner
DD-692,IFlightPlan
DD-723,UAVMessageFactory
DD-468,IFlightPattern
DD-742,__init__
DD-703,IDroneMonitoringRemoteService
DD-27,FlightPlan
DD-713,GroundstationConnector
DD-445,RemoteMessageHandler
DD-468,TakeoffTask
DD-745,__init__
DD-468,RemoteManager
DD-177,SetStateFrequencyCommand
DD-87,PlanPool
DD-636,FlightRouteplanningServiceRemoteFacade
DD-27,IFlightManagerServiceInstance
DD-731,GoToCommand
DD-177,TakeoffCommand
DD-740,copter
DD-768,SetMonitoringFrequencyCommand
DD-177,FlightPlanInfo
DD-177,FlightManagerService
DD-352,FlightManagerServiceInstance
DD-445,UAVPlanChangeMessage
DD-354,RuntimeDroneTypes
DD-177,SetVelocityCommand
DD-500,MissionPlanningService
DD-177,FileManager
DD-635,AbstractFileTransmitServerService
DD-647,AFAssignRouteComponent
DD-690,MapDrawingUtil
DD-673,AFMapComponent
DD-730,AbstractDroneCommand
DD-27,DroneInitializationInfo
DD-696,AFMainLayout
DD-81,PlanPoolManager
DD-177,AbstractDrone
DD-81,LandingStrategy
DD-740,command
DD-580,DroneFlightStateManager
DD-542,TaskList
DD-445,MessageMarshaller
DD-579,FlightZoneManager2
DD-177,DummyLockObject
DD-468,ManagedDrone
DD-27,FlightInfoCreator
DD-468,EmergencyStopCommand
DD-468,CoordinatedLandingPattern
DD-518,NVector
DD-113,AFControlsComponent
DD-650,AFDragLayout
DD-177,AbstractDroneFleetFactory
DD-177,IDroneCommand
DD-445,MonitoringDispatchThread
DD-468,FlightManagerService
DD-685,MapMarkerUtilities
DD-632,FlightManagerService
DD-648,AFAssignRouteComponent
DD-606,NvecInterpolator
DD-579,DroneFlightStateManager
DD-732,GoToCommand
DD-502,FlightRoutePersistenceProvider
DD-445,IDroneMonitoringServiceInstance
DD-580,FlightZoneManager2
DD-177,ManagedDrone
DD-704,IDroneMonitoringServiceInstance
DD-542,FullMissionPlan
DD-716,UAVHandshakeMessage
DD-542,AbstractFlightPattern
DD-468,JSONMissionPlanReader
DD-752,copter
DD-528,VirtualDrone
DD-177,NvecInterpolator
DD-633,FlightManagerService
DD-636,FlightRouteplanningServiceInstance
DD-75,IFlightRoute
DD-445,DroneMonitoringServiceInstance
DD-683,NavigationBar
DD-27,LandingStrategy
DD-692,AFEmergencyComponent
DD-27,IManagedDroneStateChangeListener
DD-737,DroneConnectorServiceInstance
DD-81,DroneFlightStateManager
DD-177,PlanPool
DD-468,PatternTask
DD-177,TestCoordinates
DD-27,PlanPool
DD-764,VirtualDrone
DD-33,SoloDirector
DD-177,LandingStrategy
DD-618,GroundstationConnector
DD-694,AFInfoPanel
DD-683,AFControlsComponent
DD-468,MissionController
DD-445,StateMessageTypeAdapter
DD-26,DroneFlightStateManager
DD-629,FlightRouteplanningService
DD-177,WatchServiceRunner
DD-632,IFlightManagerRemoteService
DD-674,FRTableDisplay
DD-75,FlightRoute
DD-177,FlightMissionManager
DD-768,CommandIds
DD-603,DroneVoltageSimulator
DD-177,DroneFlightStateManager
DD-27,FlightManagerServiceInstance
DD-609,DroneVoltageSimulator
DD-445,AbstractUAVMessage
DD-468,SimpleMonitor
DD-23,LlaCoordinate
DD-177,RuntimeDroneTypes
DD-557,PlanPoolManager
DD-468,SynchronizationState
DD-544,SyncConstants
DD-692,IFlightManagerRemoteService
DD-692,FlightPlan
DD-600,SimpleSimulator
DD-213,AbstractDroneCommand
DD-354,DispatchQueueManager
DD-361,CommandIds
DD-636,IFlightRouteplanningServiceInstance
DD-177,IManagedDroneStateChangeListener
DD-635,FlightRouteplanningService
DD-674,FRMainLayout
DD-673,FRMainLayout
DD-27,DummyLockObject
DD-636,AbstractFileTransmitServerService
DD-168,AFInfoBox
DD-177,DronologyPersistenceUtil
DD-669,FRMapComponent
DD-177,IDroneSetupRemoteService
DD-704,IDroneMonitoringRemoteService
DD-512,LlaCoordinate
DD-578,DroneFlightStateManager
DD-117,Configuration
DD-506,AbstractFileTransmitServiceInstance
DD-177,AssignedDrone
DD-500,PhysicalDrone
DD-468,AFMapViewOperations
DD-177,SetGimbalTargetCommand
DD-362,FlightManagerServiceRemoteFacade
DD-361,SetMonitoringFrequencyCommand
DD-361,AbstractDroneCommand
DD-177,AbstractServerService
DD-81,ManagedHashTableList
DD-468,FlightManagerServiceInstance
DD-685,FRMainLayout
DD-542,PatternFactory
DD-352,FlightManagerServiceRemoteFacade
DD-617,GroundstationConnector
DD-177,FlightZoneManager2
DD-445,SendToSubscriberCallable
DD-177,DroneInitializationInfo
DD-733,SetGroundSpeedCommand
DD-27,Waypoint
DD-627,DroneSetupServiceRemoteFacade
DD-213,DispatchQueueManager
DD-468,MissionPlanningService
DD-500,ModeChangeMessageTypeAdapter
DD-500,AbstractDrone
DD-682,MyUI
DD-177,IFlightManagerRemoteService
DD-764,DroneSetupServiceInstance
DD-445,PhysicalDrone
DD-602,VirtualDrone
DD-731,LandCommand
DD-692,FlightManagerServiceRemoteFacade
DD-629,AbstractFileTransmitServerService
DD-552,FlightZoneManager2
DD-104,FlightPlan
DD-75,FlightRouteInfo
DD-684,AFMainLayout
DD-352,PlanPool
DD-607,NVECSimulator
DD-674,FRControlsComponent
DD-177,IDroneSetupServiceInstance
DD-715,GroundstationConnector
DD-121,AFMapComponent
DD-177,IFlightManagerServiceInstance
DD-694,AFInfoBox
DD-559,PlanPool
DD-543,PatternTask
DD-177,FlightRouteInfo
DD-528,ManagedDrone
DD-75,FlightRouteplanningServiceRemoteFacade
DD-671,FREditModeController
DD-177,IUAVPropertyUpdateNotifier
DD-573,VirtualDroneFleetFactory
DD-627,IDroneSetupRemoteService
DD-560,PlanPool
DD-513,PVector
DD-177,RemoteRMIRemoteObject
DD-177,RemoteManager
DD-608,VirtualDrone
DD-520,FlightZoneManager2
DD-81,DroneSetupService
DD-75,FlightRouteplanningServiceInstance
DD-81,FlightManagerServiceRemoteFacade
DD-577,VirtualDrone
DD-707,IMonitorableMessage
DD-631,FlightManagerServiceRemoteFacade
DD-229,AFMapComponent
DD-81,PlanPool
DD-694,AFMapViewOperations
DD-117,AFMapComponent
DD-710,IncommingGroundstationConnectionServer
DD-692,AFInfoPanel
DD-81,IPlanStatusChangeListener
DD-683,MyUI
DD-647,IFlightPlan
DD-530,PhysicalDrone
DD-177,FlightManagerServiceRemoteFacade
DD-468,AbstractFlightPattern
DD-445,GroundstationConnector
DD-669,MyUI
DD-27,DroneSetupServiceRemoteFacade
DD-27,IPlanStatusChangeListener
DD-557,PlanPool
DD-550,FlightZoneManager2
DD-647,DroneFleetManager
DD-707,ArtifactIdentifier
DD-735,TakeoffCommand
DD-554,PlanPoolManager
DD-177,IDrone
DD-527,SoloDirector
DD-468,MissionPlanningServiceInstance
DD-104,ManagedDrone
DD-590,DronologyConstants
DD-177,RemoteInfoFactory
DD-617,DroneFlightStateManager
DD-81,FlightInfo
DD-737,DroneFleetManager
DD-764,IDrone
DD-599,VirtualDrone
DD-352,AFDragLayout
DD-690,AFMapComponent
DD-647,FRControlsComponent
DD-468,SyncTask
DD-674,FRInfoPanel
DD-542,IFlightPattern
DD-27,IStartstrategy
DD-617,WriteDispatcher
DD-612,PlanPool
DD-737,ReadDispatcher
DD-27,DroneSetupServiceInstance
DD-445,IRemoteMonitoringMessageHandler
DD-468,RouteTask
DD-767,FREditModeController
DD-32,FlightZoneManager2
DD-631,FlightManagerService
DD-731,IDroneCommand
DD-529,PhysicalDrone
DD-468,MissionUtil
DD-445,AbstractDroneCommand
DD-81,RemoteInfoFactory
DD-647,FRInfoPanel
DD-767,FRInfoBox
DD-468,WriteDispatcher
DD-747,message
DD-633,IFlightManagerRemoteService
DD-81,DroneSetupServiceRemoteFacade
DD-177,VirtualDroneFleetFactory
DD-445,PhysicalDroneFleetFactory
DD-543,SyncConstants
DD-560,PlanPoolManager
DD-445,DispatchQueueManager
DD-445,DroneConnectorService
DD-745,control
DD-647,FlightManagerServiceInstance
DD-718,DroneSetupServiceInstance
DD-361,SetGimbalRotationCommand
DD-113,AFInfoPanel
DD-177,IMovementSimulator
DD-81,FlightPlan
DD-673,FRMapComponent
DD-601,FlightSimulator
DD-361,SetGroundSpeedCommand
DD-361,SetVelocityCommand
DD-468,IFlightManagerServiceInstance
DD-675,MapMarkerUtilities
DD-33,FlightZoneManager2
DD-694,AFEmergencyComponent
DD-445,IncommingGroundstationConnectionServer
DD-23,Waypoint
DD-500,StatusDispatchThread
DD-468,ServiceIds
DD-122,Configuration
DD-705,DroneMonitoringServiceRemoteFacade
DD-513,LlaCoordinate
DD-764,DroneSetupServiceRemoteFacade
DD-536,FullMissionPlan
DD-763,UAVModeChangeMessage